org_name,as_x,alias_prefix_num,alias_prefix_64_num,as_y,alias_prefix_ratio,alias_prefix_64_ratio
"1GSERVERS, LLC",14315.0,1,1.0,[14315],2.0093353721389574e-06,8.001913465513117e-14
20i Limited,48254.0,1,4294967296.0,[48254],2.0093353721389574e-06,0.00034367956639800863
21vianet(China) Inc.,52284.0,3,4.163336342344337e-17,[17428],6.028006116416873e-06,3.331465713926528e-30
23M GmbH,94894.0,2,4294967297.0,[47447],4.018670744277915e-06,0.00034367956647802774
24 SHELLS,3525184.0,64,139264.0,[55081],0.00012859746381689327,1.1143784768612188e-08
34SP.com Limited,124071.0,3,4.163336342344337e-17,[41357],6.028006116416873e-06,3.331465713926528e-30
3xK Tech GmbH,3787265.0,19,81604378624.0,"[198571, 200373]",3.817737207064019e-05,0.006529911761562163
A. Angeloni & Cia Ltda,52910.0,1,268435456.0,[52910],2.0093353721389574e-06,2.147997289987554e-05
A1 Telekom Austria AG,25341.0,3,3.0,[8447],6.028006116416873e-06,2.400574039653935e-13
A2B IP B.V.,459792.0,9,4294967304.0,[51088],1.8084018349250618e-05,0.0003436795670381617
AEZA INTERNATIONAL LTD,3370304.0,16,68719476736.0,[210644],3.214936595422332e-05,0.005498873062368138
AKILE LTD,122224.0,2,16842752.0,[61112],4.018670744277915e-06,1.34774244025098e-06
ALGAR TELECOM S/A,33470.0,2,2.0,[16735],4.018670744277915e-06,1.6003826931026235e-13
ALKON SAS,800304.0,3,4.163336342344337e-17,[266768],6.028006116416873e-06,3.331465713926528e-30
ANS ACADEMY LIMITED,367938.0,6,68719542276.0,[61323],1.2056012232833745e-05,0.0054988783068222235
ARLINK S.A.,140375.0,5,6.938893903907228e-17,[28075],1.0046676860694788e-05,5.552442856544213e-30
"ARP NETWORKS, INC.",25795.0,1,1.0,[25795],2.0093353721389574e-06,8.001913465513117e-14
ARTERIA Networks Corporation,2519.0,1,1.3877787807814457e-17,[2519],2.0093353721389574e-06,1.1104885713088427e-30
AS43668 LLC,43668.0,1,1.0,[43668],2.0093353721389574e-06,8.001913465513117e-14
AT&T Corp.,4185.0,1,65536.0,[4185],2.0093353721389574e-06,5.2441340087586766e-09
"AT&T Services, Inc.",98252.0,14,51539607554.0,[7018],2.8130695209945408e-05,0.004124154796936142
ATW Internet Kft.,82150.0,2,2.0,[41075],4.018670744277915e-06,1.6003826931026235e-13
Achmea Interne Diensten N.V.,201017.0,1,2.3283064365386963e-10,[201017],2.0093353721389574e-06,1.8630906626379856e-23
Adrian Paschkowski,205987.0,1,16777216.0,[205987],2.0093353721389574e-06,1.3424983062422212e-06
Aixit GmbH,29551.0,1,1.3877787807814457e-17,[29551],2.0093353721389574e-06,1.1104885713088427e-30
Akamai International B.V.,760397260.0,36308,169664386.3739771,"[33905, 20940, 21342]",0.07295494869162127,1.3576397379439475e-05
"Akamai Technologies, Inc.",58670594.0,1808,833021747.4648438,"[16625, 63949, 36183]",0.0036328783528272353,6.6657679381042e-05
Akenes SA,61098.0,1,1.3877787807814457e-17,[61098],2.0093353721389574e-06,1.1104885713088427e-30
Alex Group LLC,3818970.0,18,68719476738.0,[212165],3.6168036698501236e-05,0.005498873062528176
"Alibaba (US) Technology Co., Ltd.",37963.0,1,4294967296.0,[37963],2.0093353721389574e-06,0.00034367956639800863
Allo Communications LLC,15108.0,1,1.3877787807814457e-17,[15108],2.0093353721389574e-06,1.1104885713088427e-30
Altibox AS,29695.0,1,1.0,[29695],2.0093353721389574e-06,8.001913465513117e-14
Altinea SAS,66496430.0,1606,4294967296.0,[41405],0.003226992607655166,0.00034367956639800863
AltusHost B.V.,360010.0,7,327681.0,[51430],1.4065347604972704e-05,2.6220750062928036e-08
"Amazon.com, Inc.",1595693904.0,96656,158077149.82108128,[16509],0.1942143197294631,1.2649196737432447e-05
Anchnet Asia Limited,137443.0,1,1.3877787807814457e-17,[137443],2.0093353721389574e-06,1.1104885713088427e-30
Andrews & Arnold Ltd,20712.0,1,1.0,[20712],2.0093353721389574e-06,8.001913465513117e-14
"Andrews IT Engineering Mernoki, Informaciotechnikai es Szolgaltato Korlatolt Felelossegu Tarsasag",59448.0,1,1.0,[59448],2.0093353721389574e-06,8.001913465513117e-14
Anillc Network,142055.0,1,256.0,[142055],2.0093353721389574e-06,2.048489847171358e-11
"Anthropic, PBC",399358.0,1,65536.0,[399358],2.0093353721389574e-06,5.2441340087586766e-09
Aperture Science Limited,76016.0,2,131072.0,[38008],4.018670744277915e-06,1.0488268017517353e-08
Arcade Solutions AG,414984.0,8,1.1102230246251565e-16,[51873],1.607468297711166e-05,8.883908570470741e-30
Arcus Novus UAB,51259.0,1,4294967296.0,[51259],2.0093353721389574e-06,0.00034367956639800863
Arelion Sweden AB,289677.0,223,1183.0,[1299],0.00044808178798698753,9.466263629702017e-11
Armeva Yazilim ve Danismanlik Anonim Sirketi,95902.0,2,137438953472.0,[47951],4.018670744277915e-06,0.010997746124736276
Art of Automation B.V.,182679.0,3,2.0,[60893],6.028006116416873e-06,1.6003826931026235e-13
ArtPlanet LLC,198168.0,4,12884901889.0,[49542],8.03734148855583e-06,0.0010310386992740449
Artfiles LLC,394923.0,1,4294967296.0,[394923],2.0093353721389574e-06,0.00034367956639800863
"Ashton Holmes, Sole Proprietorship",472640.0,14,131084.0,[33760],2.8130695209945408e-05,1.0489228247133215e-08
Association FAImaison,3661776.0,18,18.0,[203432],3.6168036698501236e-05,1.440344423792361e-12
Astute Internet,63213.0,1,65536.0,[63213],2.0093353721389574e-06,5.2441340087586766e-09
"Atria Convergence Technologies Pvt. Ltd.,",413253.0,17,212.0,[24309],3.415870132636228e-05,1.6964056546887807e-11
"Automattic, Inc",5270.0,2,2.7755575615628914e-17,[2635],4.018670744277915e-06,2.2209771426176853e-30
Availo Networks AB,16150.0,1,65536.0,[16150],2.0093353721389574e-06,5.2441340087586766e-09
Axera SpA,13097.0,1,1.0,[13097],2.0093353721389574e-06,8.001913465513117e-14
BAI Communications Inc.,396113.0,1,4294967296.0,[396113],2.0093353721389574e-06,0.00034367956639800863
BIT BV,25718.0,2,2.7755575615628914e-17,[12859],4.018670744277915e-06,2.2209771426176853e-30
BITel Gesellschaft fuer Telekommunikation mbH,596901.0,3,3.0,[198967],6.028006116416873e-06,2.400574039653935e-13
BIZNET ISP,17451.0,1,2.220446049250313e-16,[17451],2.0093353721389574e-06,1.7767817140941483e-29
BSE Software GmbH,9044.0,1,1.0,[9044],2.0093353721389574e-06,8.001913465513117e-14
BWE CAPITAL LIMITED,197730.0,1,1.0,[197730],2.0093353721389574e-06,8.001913465513117e-14
Bach Kim Network solutions Join stock company,951769.0,7,7.0,[135967],1.4065347604972704e-05,5.601339425859182e-13
Bahnhof AB,8473.0,1,1.0,[8473],2.0093353721389574e-06,8.001913465513117e-14
Baoshuo Network,1214512.0,8,34359738368.0,[151814],1.607468297711166e-05,0.002749436531184069
"Beijing Baidu Netcom Science and Technology Co., Ltd.",38365.0,1,2.3283064365386963e-10,[38365],2.0093353721389574e-06,1.8630906626379856e-23
"Beijing Educational Information Network Service Center Co., Ltd",78448.0,8,8.0,[9806],1.607468297711166e-05,6.401530772410494e-13
"Beijing Jingdong 360 Degree E-commerce Co., Ltd.",525944.0,4,1.0000000000000004,[131486],8.03734148855583e-06,8.001913465513121e-14
Beijing Jingdong Shangke Information Technology Co. Ltd.,137753.0,1,1.3877787807814457e-17,[137753],2.0093353721389574e-06,1.1104885713088427e-30
Belcloud LTD,44901.0,1,1.0,[44901],2.0093353721389574e-06,8.001913465513117e-14
Bell Canada,265997.0,461,85700.375,[577],0.0009263036065560595,6.857669847120237e-09
Bend-La Pine Schools,35929.0,1,1.0,[35929],2.0093353721389574e-06,8.001913465513117e-14
Bharat Sanchar Nigam Ltd,658543.0,67,652.0,[9829],0.00013462546993331015,5.217247579514552e-11
Bharti Airtel Limited,8524763.0,223,169611493.0,"[24560, 45609, 9498]",0.00044808178798698753,1.3572164897424838e-05
Black Mesa Corporation,176050762.0,3746,19259663.00439453,[46997],0.007526970304032535,1.5411415673610942e-06
Blacknight Internet Solutions Limited,547708.0,14,1.942890293094024e-16,[39122],2.8130695209945408e-05,1.5546839998323797e-29
Blueficity,32024.0,1,4294967296.0,[32024],2.0093353721389574e-06,0.00034367956639800863
Bouygues Telecom SA,8006800.0,1480,12718959.0625,[5410],0.002973816350765657,1.0177600978952884e-06
British Telecommunications PLC,2856.0,1,1.3877787807814457e-17,[2856],2.0093353721389574e-06,1.1104885713088427e-30
Bursabil Teknoloji A.S.,1943072.0,32,137438953472.0,[60721],6.429873190844664e-05,0.010997746124736276
CAT Telecom Public Company Limited,88369.0,19,214.0,[4651],3.817737207064019e-05,1.712409481619807e-11
CERN - European Organization for Nuclear Research,513.0,1,1.3877787807814457e-17,[513],2.0093353721389574e-06,1.1104885713088427e-30
CERNET2 IX at Chongqing University,24356.0,1,1.0,[24356],2.0093353721389574e-06,8.001913465513117e-14
CERNET2 IX at Shanghai Jiaotong University,24364.0,1,4294967296.0,[24364],2.0093353721389574e-06,0.00034367956639800863
CERNET2 IX at South China University of Technology,48714.0,2,9.09508579560736e-13,[24357],4.018670744277915e-06,7.277808949786762e-26
CERNET2 IX at Zhengzhou University,24360.0,1,65536.0,[24360],2.0093353721389574e-06,5.2441340087586766e-09
CESNET z.s.p.o.,39928.0,14,14.0,[2852],2.8130695209945408e-05,1.1202678851718364e-12
CHINA UNICOM Industrial Internet Backbone,242360.0,48,280.0625,"[9929, 4837]",9.644809786266996e-05,2.2410358899352673e-11
CHINANET Guangdong province network,58466.0,1,1.3877787807814457e-17,[58466],2.0093353721389574e-06,1.1104885713088427e-30
CHINANET Jiangx province IDC network,134238.0,1,1.3877787807814457e-17,[134238],2.0093353721389574e-06,1.1104885713088427e-30
CHINANET Liaoning province Dalian MAN network,134762.0,1,1.3877787807814457e-17,[134762],2.0093353721389574e-06,1.1104885713088427e-30
CHINANET SHAANXI province Cloud Base network,159295776.0,1182,10.879549149423838,[134768],0.0023750344098682477,8.705721083748638e-13
"CHINATELECOM JiangSu YangZhou IDC networkdescr: YangZhou , Jiangsu Province, P.R.China.",137697.0,1,1.3877787807814457e-17,[137697],2.0093353721389574e-06,1.1104885713088427e-30
"CHUAN KAI INTERNATIONAL CO., LTD",133375.0,1,4294967296.0,[133375],2.0093353721389574e-06,0.00034367956639800863
CLARO S.A.,8460.0,2,512.0,[4230],4.018670744277915e-06,4.096979694342716e-11
CLDIN B.V.,534985.0,11,11.0,[48635],2.2102689093528532e-05,8.802104812064429e-13
CMC Telecom Infrastructure Company,77464.0,2,33554432.0,[38732],4.018670744277915e-06,2.6849966124844424e-06
COMMUNITY NETWORK CENTER INCORPORATED.,18708.0,2,2.0,[9354],4.018670744277915e-06,1.6003826931026235e-13
CONSCIA DANMARK A/S,119252.0,2,2.0,[59626],4.018670744277915e-06,1.6003826931026235e-13
CONTROLD INC.,4787544.0,12,786432.0,[398962],2.411202446566749e-05,6.292960810510411e-08
CONTRUST SOLUTIONS S.R.L.,11110230.0,54,64424509479.0,[205745],0.00010850411009550371,0.005155193499090875
CORK INTERNET EXCHANGE LIMITED,47720.0,1,65536.0,[47720],2.0093353721389574e-06,5.2441340087586766e-09
CSC - Tieteen tietotekniikan keskus Oy,1741.0,1,1.3877787807814457e-17,[1741],2.0093353721389574e-06,1.1104885713088427e-30
"Cable Television Laboratories, Inc.",20381.0,1,1.0,[20381],2.0093353721389574e-06,8.001913465513117e-14
"CacheNetworks, Inc.",30081.0,1,4294967296.0,[30081],2.0093353721389574e-06,0.00034367956639800863
Canara Bank,137670.0,1,1.0,[137670],2.0093353721389574e-06,8.001913465513117e-14
Cellcom Fixed Line Communication L.P,1680.0,1,1.0,[1680],2.0093353721389574e-06,8.001913465513117e-14
CentralNic Ltd,408016.0,2,2.7755575615628914e-17,"[203961, 204055]",4.018670744277915e-06,2.2209771426176853e-30
"CenturyLink Communications, LLC",4180.0,20,320.0,[209],4.018670744277915e-05,2.5606123089641974e-11
Charter Communications Inc,22852.0,2,2.7755575615628914e-17,[11426],4.018670744277915e-06,2.2209771426176853e-30
"Charter Communications, Inc",66726.0,2,2.7755575615628914e-17,[33363],4.018670744277915e-06,2.2209771426176853e-30
China Education and Research Network (CERNET),176696.0,2,1.0000000000000002,"[138441, 38255]",4.018670744277915e-06,8.001913465513119e-14
China Education and Research Network Center,108912.0,24,4295229458.0,[4538],4.822404893133498e-05,0.0003437005443743881
China Mobile,1762041.0,82,411.5,"[24400, 9808, 24444, 24547]",0.00016476550051539452,3.292787391058648e-11
China Mobile Communications Corporation,131501834.0,2345,262.7128610610962,"[56040, 56041, 56046, 56048, 134810]",0.004711891447665856,2.102205580488262e-11
China Mobile International Limited,1169060.0,20,740.0,[58453],4.018670744277915e-05,5.921415964479707e-11
China Telecom,382405998.0,2762,66117.56804919243,"[139203, 134756, 137702, 140903, 140345, 140061]",0.0055497842978478006,5.290670580798127e-09
China Telecom (Group),241656.0,50,214.0,"[4811, 4812, 4835]",0.00010046676860694789,1.712409481619807e-11
China Unicom,916661.0,13,24.125,"[4808, 140716, 138421, 17623, 17816, 136959]",2.612135983780645e-05,1.9304616235550394e-12
ChinaTelecom Cybersecurity Tech,58777.0,1,3.552713678800501e-15,[58777],2.0093353721389574e-06,2.8428507425506372e-28
"ChoicePoint, Inc.",29215221.0,1127,131072.0,[25923],0.0022645209644006053,1.0488268017517353e-08
Christopher Mountford,206981.0,1,1048576.0,[206981],2.0093353721389574e-06,8.390614414013883e-08
"Chunghwa Telecom Co., Ltd.",20772.0,6,4294967301.0,[3462],1.2056012232833745e-05,0.0003436795667981043
Citytelecom LLC,9525.0,3,12884901888.0,[3175],6.028006116416873e-06,0.0010310386991940258
Claro NXT Telecomunicacoes Ltda,67260842.0,2354,42008576.0,[28573],0.004729975466015106,3.3614898996143117e-06
CloudConnX Limited,57907.0,1,68719476736.0,[57907],2.0093353721389574e-06,0.005498873062368138
"Cloudflare London, LLC",3138630.0,15,17180590080.0,[209242],3.0140030582084363e-05,0.0013747759510661308
"Cloudflare, Inc.",1318570381.0,98651,4297394833.119623,"[395747, 13335]",0.1982229437968803,0.0003438738158176641
Clouvider Limited,2551840.0,41,34402140160.0,[62240],8.238275025769726e-05,0.002752829485887736
"Code200, UAB",149428.0,1,4294967296.0,[149428],2.0093353721389574e-06,0.00034367956639800863
Cogent Communications,2610.0,15,67239939.0,[174],3.0140030582084363e-05,5.380481733043806e-06
ComClark Network & Technology Corp,546809.0,31,256.0,[17639],6.228939653630768e-05,2.048489847171358e-11
Combell NV,8447166.0,243,258.0,[34762],0.0004882684954297667,2.064493674102384e-11
"Comcast Cable Communications, LLC",1663620.0,210,704.0,[7922],0.00042196042814918107,5.6333470797212344e-11
Comfortel Ltd.,113068.0,2,8589934592.0,[56534],4.018670744277915e-06,0.0006873591327960173
Constantine Cybersecurity Ltd.,6550238.0,31,31.0,[211298],6.228939653630768e-05,2.480593174309066e-12
Coriolis Telecom SAS,240128.0,4,4.0,[60032],8.03734148855583e-06,3.200765386205247e-13
Corporate / Direct Member IDNIC,948906.0,17,212.0,[55818],3.415870132636228e-05,1.6964056546887807e-11
Cox Communications Inc.,933693.0,41,4294967336.0,[22773],8.238275025769726e-05,0.000343679569598774
Cr0bar Limited,227032.0,4,262144.0,[56758],8.03734148855583e-06,2.0976536035034706e-08
Cybera Inc,15296.0,1,1.0,[15296],2.0093353721389574e-06,8.001913465513117e-14
DA International Group Ltd.,203380.0,1,1.0,[203380],2.0093353721389574e-06,8.001913465513117e-14
DAOport Internet Infrastructure Holdings Limited,420000.0,2,131072.0,[210000],4.018670744277915e-06,1.0488268017517353e-08
DEFSOLUTION LLC,9305624.0,47,214748430347.0,[197992],9.443876249053101e-05,0.01718398356491465
DEMENIN B.V.,47926.0,1,68719476736.0,[47926],2.0093353721389574e-06,0.005498873062368138
DESEMPENHO PROVEDOR DE INTERNET,263348.0,1,1048576.0,[263348],2.0093353721389574e-06,8.390614414013883e-08
DGN TEKNOLOJI A.S.,216300.0,5,1342177280.0,[43260],1.0046676860694788e-05,0.00010739986449937769
DIGITAL NETWORK S.R.L.,2340646.0,11,12884901896.0,[212786],2.2102689093528532e-05,0.0010310386998341789
DMIT Cloud Services,2718.0,3,3.0,[906],6.028006116416873e-06,2.400574039653935e-13
DN-Systems Enterprise Internet Solutions GmbH,336272.0,8,8.0,[42034],1.607468297711166e-05,6.401530772410494e-13
DNA Oyj,16086.0,1,1.0,[16086],2.0093353721389574e-06,8.001913465513117e-14
DNS0.EU A.D.,101804.0,2,8589934592.0,[50902],4.018670744277915e-06,0.0006873591327960173
DNT Solutions,147057.0,1,4294967296.0,[147057],2.0093353721389574e-06,0.00034367956639800863
Daniel Cid,615471.0,3,196608.0,[205157],6.028006116416873e-06,1.5732402026276028e-08
Daniel Jackson,212027.0,1,1.0,[212027],2.0093353721389574e-06,8.001913465513117e-14
"Data Communication Business Group,",46113.0,7,7.0,"[17421, 4782]",1.4065347604972704e-05,5.601339425859182e-13
Data102,1048285.0,61,256.0,[17185],0.00012256945770047642,2.048489847171358e-11
DataWeb Global Group B.V.,79144.0,2,33554432.0,[39572],4.018670744277915e-06,2.6849966124844424e-06
Datacamp Limited,29228912.0,289,85903212589.0,"[60068, 212238]",0.0005806979225481588,0.00687390073546755
Dattatec.com,166938.0,6,4.996003610813204e-16,[27823],1.2056012232833745e-05,3.997758856711833e-29
Dazhong Technology Network Studio of Tieling County,211051.0,1,65536.0,[211051],2.0093353721389574e-06,5.2441340087586766e-09
Delta Ltd,42430780.0,199,96636895234.0,[213220],0.00039985773905565255,0.007732800732383249
Denpa Ltd.,3432296678.0,26069,130139.65505981445,[131662],0.05238136381629049,1.0413662582203616e-08
Deutsche Glasfaser Wholesale GmbH,11636742.0,193,2.0000000000000075,[60294],0.0003878017268228188,1.6003826931026295e-13
Deutsche Telekom AG,83000.0,25,25.0,[3320],5.023338430347394e-05,2.0004783663782794e-12
Developed Methods LLC,400519.0,1,4294967296.0,[400519],2.0093353721389574e-06,0.00034367956639800863
Dialog Axiata Plc,54003.0,3,3.0,[18001],6.028006116416873e-06,2.400574039653935e-13
Differ Communications Limited,399558.0,1,268435456.0,[399558],2.0093353721389574e-06,2.147997289987554e-05
Dimension Data,138409.0,19,19.0,"[10474, 3741]",3.817737207064019e-05,1.5203635584474922e-12
DoclerWeb Informatikai Kft.,47381.0,1,1.52587890625e-05,[47381],2.0093353721389574e-06,1.2209950966664303e-18
"Domain names registrar REG.RU, Ltd",1186170.0,6,8.326672684688674e-17,[197695],1.2056012232833745e-05,6.662931427853055e-30
Dominik Pohl,205848.0,1,4294967296.0,[205848],2.0093353721389574e-06,0.00034367956639800863
ECO-INITIATIVE LLC,403144.0,2,131072.0,[201572],4.018670744277915e-06,1.0488268017517353e-08
EGIHosting,169011.0,9,618475290624.0,[18779],1.8084018349250618e-05,0.04948985756131324
EMIRATES TELECOMMUNICATIONS GROUP COMPANY (ETISALAT GROUP) PJSC,8966.0,1,256.0,[8966],2.0093353721389574e-06,2.048489847171358e-11
ENTEL PERU S.A.,21575.0,1,1.0,[21575],2.0093353721389574e-06,8.001913465513117e-14
ERBCOM TELECOMUNICACOES EIRELI - ME,268972.0,1,65536.0,[268972],2.0093353721389574e-06,5.2441340087586766e-09
ETB - Colombia,854876.0,44,44.0,[19429],8.841075637411413e-05,3.5208419248257715e-12
ETISALAT MISR,36992.0,1,4294967296.0,[36992],2.0093353721389574e-06,0.00034367956639800863
"Eagle Sky Co., Lt",83728742.0,1514,1511.003921508789,[55303],0.0030421337534183818,1.2090922625964303e-10
Economia a.s.,43614.0,1,3.552713678800501e-15,[43614],2.0093353721389574e-06,2.8428507425506372e-28
Edgecast Inc.,1330724.0,88,5701633.0,"[14153, 15133]",0.00017682151274822826,4.562397387811395e-07
Edvin Basil Samuval,216452.0,1,65536.0,[216452],2.0093353721389574e-06,5.2441340087586766e-09
Emirates Integrated Telecommunications Company PJSC,15802.0,1,1.0,[15802],2.0093353721389574e-06,8.001913465513117e-14
Empresa de Recursos Tecnologicos S.A E.S.P,27845.0,1,1.0,[27845],2.0093353721389574e-06,8.001913465513117e-14
Eons Data Communications Limited,694985.0,5,131585.0,[138997],1.0046676860694788e-05,1.0529317833595434e-08
EpicUp Holdings Inc,24624230.0,62,4260607557632.0,[397165],0.00012457879307261536,0.3409301298668245
Eskisehir Bilisim Iletisim San. ve Tic. A.S.,196733.0,1,4294967296.0,[196733],2.0093353721389574e-06,0.00034367956639800863
Essener Systemhaus,2263877.0,11,11.0,[205807],2.2102689093528532e-05,8.802104812064429e-13
EuroByte LLC,1260474.0,6,6.0,[210079],1.2056012232833745e-05,4.80114807930787e-13
Euronet Telekomunikasyon A.S.,804712.0,4,537001984.0,[201178],8.03734148855583e-06,4.2970434067768596e-05
F3 Netze e.V.,205100.0,1,65536.0,[205100],2.0093353721389574e-06,5.2441340087586766e-09
FIBERTEL PERU S.A.,266732.0,1,4294967296.0,[266732],2.0093353721389574e-06,0.00034367956639800863
FIBRAWORLD TELECOM S.A.U.,200738.0,1,1.3877787807814457e-17,[200738],2.0093353721389574e-06,1.1104885713088427e-30
FUNPAR - Fundacao da UFPR para o DCTC,3090204.0,284,284.0,[10881],0.000570651245687464,2.272543424205725e-11
"Facebook, Inc.",317615496.0,9644,9840.656005859375,[32934],0.019378030328908107,7.874407780276866e-10
"Fastly, Inc.",757582.0,14,8592687104.0,[54113],2.8130695209945408e-05,0.0006875793864243851
Fastweb SpA,12874.0,1,256.0,[12874],2.0093353721389574e-06,2.048489847171358e-11
Fatima Cuenca,2537328.0,12,51539607552.0,[211444],2.411202446566749e-05,0.004124154796776103
Fiber Operator B.V.,3525375.0,17,1.27675647831893e-15,[207375],3.415870132636228e-05,1.0216494856041352e-28
Fiberocity Ltd,199614.0,1,68719476736.0,[199614],2.0093353721389574e-06,0.005498873062368138
Fibrebay Network LLC,60939.0,1,68719476736.0,[60939],2.0093353721389574e-06,0.005498873062368138
First Root UG (haftungsbeschraenkt),41108.0,1,4294967296.0,[41108],2.0093353721389574e-06,0.00034367956639800863
"Fly.io, Inc.",2106468.0,52,3407872.0,[40509],0.0001044854393512258,2.7269496845545116e-07
Ford Motor Company,44057.0,13,1.8041124150158794e-16,[3389],2.612135983780645e-05,1.4436351427014954e-29
"Fork Networking, LLC",93682.0,2,131072.0,[46841],4.018670744277915e-06,1.0488268017517353e-08
FranTech Solutions,17012439.0,317,38672728066.0,[53667],0.0006369593129680496,0.0030945582345945242
Free Pro SAS,61562.0,2,2.0,[30781],4.018670744277915e-06,1.6003826931026235e-13
Free Range Cloud Hosting Inc.,12592016.0,236,4327211021.0,[53356],0.000474203147824794,0.00034625968137056665
Free SAS,61610.0,5,5.0,[12322],1.0046676860694788e-05,4.0009567327565584e-13
"FreeBit Co.,Ltd.",10013.0,1,1.3877787807814457e-17,[10013],2.0093353721389574e-06,1.1104885713088427e-30
Freethought Internet Limited,82000.0,2,2.7755575615628914e-17,[41000],4.018670744277915e-06,2.2209771426176853e-30
"Fundacao para a Ciencia e a Tecnologia, I.P.",32810.0,17,2339.0,[1930],3.415870132636228e-05,1.871647559583518e-10
FunkFeuer Wien - Verein zur Foerderung freier Netze,70984.0,2,2.7755575615628914e-17,[35492],4.018670744277915e-06,2.2209771426176853e-30
"GALAXYGATE, LLC",21836705.0,55,2847250.0,[397031],0.00011051344546764266,2.2783448114682223e-07
GANDI SAS,628359.0,3,4.163336342344337e-17,[209453],6.028006116416873e-06,3.331465713926528e-30
"GENERAL COMMUNICATION, INC.",16094.0,2,2.0,[8047],4.018670744277915e-06,1.6003826931026235e-13
GLOBAL INTERNET SOLUTIONS LLC,415426.0,2,131072.0,[207713],4.018670744277915e-06,1.0488268017517353e-08
GLOBAL-ICT HONGKONG CO.LIMITED,138190.0,1,65536.0,[138190],2.0093353721389574e-06,5.2441340087586766e-09
GNET Internet Telekomunikasyon A.S.,342768.0,8,1.1102230246251565e-16,[42846],1.607468297711166e-05,8.883908570470741e-30
GOVERNMENT TECHNOLOGY AGENCY,135008.0,1,1.0,[135008],2.0093353721389574e-06,8.001913465513117e-14
GREEN FLOID LLC,204957.0,1,1.0,[204957],2.0093353721389574e-06,8.001913465513117e-14
GTHost,189069.0,3,3.0,[63023],6.028006116416873e-06,2.400574039653935e-13
GTS Telecom SRL,179392.0,32,4.440892098500626e-16,[5606],6.429873190844664e-05,3.5535634281882965e-29
Garant-Plus-Inform LLC,201836.0,1,65536.0,[201836],2.0093353721389574e-06,5.2441340087586766e-09
Genc BT Bilisim Teknolojileri Limited Sirketi,57283044.0,273,91384451328.0,[209828],0.0005485485565939354,0.007312504716200512
Getechbrothers,150445.0,1,4294967296.0,[150445],2.0093353721389574e-06,0.00034367956639800863
"Getechbrothers, MB",9664180.0,45,12884901930.0,"[202044, 216349]",9.04200917462531e-05,0.0010310387025548296
Go-Trex Holding BV,199752.0,1,1.3877787807814457e-17,[199752],2.0093353721389574e-06,1.1104885713088427e-30
GoCodeIT Inc,1670.0,2,131072.0,[835],4.018670744277915e-06,1.0488268017517353e-08
Google LLC,96195240.0,3343,1397396338.0,"[15169, 36492, 396982]",0.006717208149060535,0.00011181844573700918
"Great Lakes Comnet, Inc.",30517.0,1,65536.0,[30517],2.0093353721389574e-06,5.2441340087586766e-09
Greschitz Management GmbH,51560.0,1,68719476736.0,[51560],2.0093353721389574e-06,0.005498873062368138
"GridFury, LLC",243780.0,6,6.0,[40630],1.2056012232833745e-05,4.80114807930787e-13
Groupe LWS SARL,20829897.0,99,2.531308496145357e-14,[210403],0.0001989242018417568,2.025531154067329e-27
"Grupo Loading Systems, S.L.",18618204.0,94,1.304512053934559e-15,[198066],0.00018887752498106201,1.043859257030312e-28
"Guangzhou Shujie Suyuan Culture Communication Co., Ltd.",138979.0,1,4294967296.0,[138979],2.0093353721389574e-06,0.00034367956639800863
Guanzhong Chen,400702.0,2,2.0,[200351],4.018670744277915e-06,1.6003826931026235e-13
H4Y Technologies LLC,1589492.0,4,16384.0,[397373],8.03734148855583e-06,1.3110335021896691e-09
HA SON TECHNOLOGY ONE MEMBER LIMITED COMPANY,452514.0,3,512.0000000000009,[150838],6.028006116416873e-06,4.096979694342723e-11
"HAProxy Technologies, Inc.",1851192.0,168,33.0,[11019],0.00033756834251934487,2.6406314436193285e-12
HKBN Enterprise Solutions HK Limited,187620.0,20,200.0,[9381],4.018670744277915e-05,1.6003826931026235e-11
HLL LLC,51115.0,1,65536.0,[51115],2.0093353721389574e-06,5.2441340087586766e-09
HOSTKEY,9500136.0,24,103079215104.0,[395839],4.822404893133498e-05,0.008248309593552206
HOSTKEY B.V.,1173199.0,21,137443147776.0,"[50867, 57043]",4.219604281491811e-05,0.010998081749312836
HZ Hosting Ltd,59711.0,1,65536.0,[59711],2.0093353721389574e-06,5.2441340087586766e-09
Hengyang,127673.0,2,0.06250000000000001,"[63835, 63838]",4.018670744277915e-06,5.001195915945699e-15
HighEndNetwork LLC,13010112.0,64,262144.0,[203283],0.00012859746381689327,2.0976536035034706e-08
Hivelocity Inc,674487.0,11,141785563136.0,[61317],2.2102689093528532e-05,0.011345558068733186
Hohl IT e.U.,40994.0,1,1.0,[40994],2.0093353721389574e-06,8.001913465513117e-14
Hong Kong Domain Name Registration Company Limited,9735.0,1,268435456.0,[9735],2.0093353721389574e-06,2.147997289987554e-05
Hong Kong University of Science and Technology,3363.0,1,8.673617379884035e-19,[3363],2.0093353721389574e-06,6.940553570680267e-32
Host Europe GmbH,29066.0,1,1.0,[29066],2.0093353721389574e-06,8.001913465513117e-14
"HostHatch, LLC",63473.0,1,1.0,[63473],2.0093353721389574e-06,8.001913465513117e-14
HostRoyale Technologies Pvt Ltd,966410.0,5,21474836480.0,"[134450, 207990]",1.0046676860694788e-05,0.001718397831990043
Hosting Solution Ltd.,14576.0,1,1.0,[14576],2.0093353721389574e-06,8.001913465513117e-14
Hostinger International Limited,61429653.0,1291,1377481.0,[47583],0.002594051965431394,1.1022483762388474e-07
Hostpoint AG,116388.0,4,5.551115123125783e-17,[29097],8.03734148855583e-06,4.441954285235371e-30
Hot-Net internet services Ltd.,64245.0,5,65.0,[12849],1.0046676860694788e-05,5.201243752583526e-12
Huawei,167970.0,3,4.163336342344337e-17,[55990],6.028006116416873e-06,3.331465713926528e-30
Huicast Telecom Limited,363234.0,6,393216.0,[60539],1.2056012232833745e-05,3.1464804052552056e-08
Hurricane Electric LLC,7237377.0,1043,578241118.0,[6939],0.0020957367931409327,4.627035388437559e-05
Hutchison 3G UK Limited,206067.0,1,16777216.0,[206067],2.0093353721389574e-06,1.3424983062422212e-06
"Hutchison CP Telecommunications, PT",1005994.0,22,502.0,[45727],4.4205378187057064e-05,4.016960559687585e-11
Hydra Communications Ltd,25369.0,1,1.0,[25369],2.0093353721389574e-06,8.001913465513117e-14
Hytron Network Services Limited,354069.0,2,16777217.0,"[202662, 151407]",4.018670744277915e-06,1.3424983862613558e-06
I-SERVERS LTD,209641.0,1,4294967296.0,[209641],2.0093353721389574e-06,0.00034367956639800863
IBM,23145.0,1,65536.0,[23145],2.0093353721389574e-06,5.2441340087586766e-09
ICT BULUT BILISIM A.S.,47952.0,1,4294967296.0,[47952],2.0093353721389574e-06,0.00034367956639800863
ICT Center - Dong Thap Department of Information and Communications,271868.0,2,2.0,[135934],4.018670744277915e-06,1.6003826931026235e-13
"IDC, China Telecommunications Corporation",47448.0,2,2.7755575615628914e-17,[23724],4.018670744277915e-06,2.2209771426176853e-30
IELO-LIAZO SERVICES SAS,58150.0,2,2.7755575615628914e-17,[29075],4.018670744277915e-06,2.2209771426176853e-30
IKS Service GmbH,31450.0,2,2.0,[15725],4.018670744277915e-06,1.6003826931026235e-13
IMPERVA INC,17645022.0,282,65547.0,[62571],0.000566632574943186,5.245014219239883e-09
INAOKI EDUCATIONAL INSTITUTION,18123.0,1,1.0,[18123],2.0093353721389574e-06,8.001913465513117e-14
INSYS LLC,28890.0,1,1.0,[28890],2.0093353721389574e-06,8.001913465513117e-14
INTERKVM HOST SRL,50396.0,2,2.0,[25198],4.018670744277915e-06,1.6003826931026235e-13
IONOS SE,25680.0,3,4.163336342344337e-17,[8560],6.028006116416873e-06,3.331465713926528e-30
IP SERVER LLC,1523608.0,34,141733920769.0,[44812],6.831740265272456e-05,0.011341425691214303
IPXO LIMITED,618450.0,3,4294967298.0,[206150],6.028006116416873e-06,0.0003436795665580469
"IT business solutions, MB",8619534.0,42,85899345942.0,[205227],8.439208562983622e-05,0.006873591329720593
ITL LLC,63300.0,3,2.0,[21100],6.028006116416873e-06,1.6003826931026235e-13
Ilm-Provider UG (haftungsbeschraenkt),196968.0,1,4294967296.0,[196968],2.0093353721389574e-06,0.00034367956639800863
Incapsula Inc,3211623219.0,164269,16873522.521688025,[19551],0.3300715122458944,1.3502046707693427e-06
Individual Network Berlin e.V.,356040.0,12,12.0,[29670],2.411202446566749e-05,9.60229615861574e-13
Industrial Cyber Security Center of Excellence,63770.0,1,4294967296.0,[63770],2.0093353721389574e-06,0.00034367956639800863
Infomaniak Network SA,146110.0,5,6.938893903907228e-17,[29222],1.0046676860694788e-05,5.552442856544213e-30
Init7 (Switzerland) Ltd.,52120.0,4,5.551115123125783e-17,[13030],8.03734148855583e-06,4.441954285235371e-30
InnoGames GmbH,27047540.0,130,130.0,[208058],0.0002612135983780645,1.0402487505167052e-11
InterXion Hrvatska d.o.o.,199244.0,1,1.0,[199244],2.0093353721389574e-06,8.001913465513117e-14
Intergrid Group Pty Ltd,1067840.0,8,32768.0,[133480],1.607468297711166e-05,2.6220670043793383e-09
Internet Initiative Japan Inc.,39952.0,16,12.000000000000014,[2497],3.214936595422332e-05,9.602296158615752e-13
Internet Names For Business Inc.,121788.0,4,4.0,[30447],8.03734148855583e-06,3.200765386205247e-13
Internet Rimon LTD,7168475.0,167,167.0,[42925],0.0003355590071472059,1.3363195487406905e-11
"Internet Systems Consortium, Inc.",3557.0,1,65536.0,[3557],2.0093353721389574e-06,5.2441340087586766e-09
Iron Mountain Data Center,12025.0,1,65536.0,[12025],2.0093353721389574e-06,5.2441340087586766e-09
Ismael Munoz Hernandez,395212.0,2,131072.0,[197606],4.018670744277915e-06,1.0488268017517353e-08
"JCOM Co., Ltd.",442080.0,45,510.0,[9824],9.04200917462531e-05,4.08097586741169e-11
JSC IOT,175092.0,6,12884901891.0,[29182],1.2056012232833745e-05,0.0010310386994340833
JSC RTComm.RU,83420.0,10,1.3877787807814457e-16,[8342],2.0093353721389577e-05,1.1104885713088426e-29
Jikai Ren,413686.0,2,131072.0,[206843],4.018670744277915e-06,1.0488268017517353e-08
Jisc Services Limited,786.0,1,1.0,[786],2.0093353721389574e-06,8.001913465513117e-14
"Joe's Datacenter, LLC",39938.0,2,131072.0,[19969],4.018670744277915e-06,1.0488268017517353e-08
John Mark Gabriel Caguicla,2410392.0,12,786432.0,[200866],2.411202446566749e-05,6.292960810510411e-08
Joint Institute for Nuclear Research,2875.0,1,1.3877787807814457e-17,[2875],2.0093353721389574e-06,1.1104885713088427e-30
Jonas Pasche,205766.0,1,1.3877787807814457e-17,[205766],2.0093353721389574e-06,1.1104885713088427e-30
Jordan Telecommunications PSC,113061.0,13,208.0,[8697],2.612135983780645e-05,1.6643980008267283e-11
Jump Networks Ltd,8943.0,1,3.552713678800501e-15,[8943],2.0093353721389574e-06,2.8428507425506372e-28
KAPPER NETWORK-COMMUNICATIONS GmbH,97886.0,2,2.0,[48943],4.018670744277915e-06,1.6003826931026235e-13
KDDI CORPORATION,2516.0,1,1.0,[2516],2.0093353721389574e-06,8.001913465513117e-14
KEVAG Telekom GmbH,49440.0,4,8.881784197001252e-16,[12360],8.03734148855583e-06,7.107126856376593e-29
KIFU (Governmental Info Tech Development Agency),1955.0,1,1.0,[1955],2.0093353721389574e-06,8.001913465513117e-14
KIRILL ZINOV,398372.0,2,33554432.0,[199186],4.018670744277915e-06,2.6849966124844424e-06
"KNIGHT POINT SYSTEMS, LLC",1577384.0,4,4.0,[394346],8.03734148855583e-06,3.200765386205247e-13
KOMRO Gesellschaft fuer Telekommunikation mit beschraenkter Haftung,647086.0,22,7.216449660063518e-16,[29413],4.4205378187057064e-05,5.774540570805981e-29
KPN B.V.,3408.0,3,3.0,[1136],6.028006116416873e-06,2.400574039653935e-13
KSC Commercial Internet Co.Ltd.,7693.0,1,1.0,[7693],2.0093353721389574e-06,8.001913465513117e-14
KVIKTEL LLC,34959.0,1,1.0,[34959],2.0093353721389574e-06,8.001913465513117e-14
KaasHosting B.V.,211786.0,1,1.3877787807814457e-17,[211786],2.0093353721389574e-06,1.1104885713088427e-30
Kaopu Cloud HK Limited,138915.0,1,1.3877787807814457e-17,[138915],2.0093353721389574e-06,1.1104885713088427e-30
Kew Solutions Unipessoal Lda,419936.0,2,8589934592.0,[209968],4.018670744277915e-06,0.0006873591327960173
Kirino LLC,3806776.0,92,4063232.0,[41378],0.0001848588542367841,3.251363085430379e-07
Klett IT GmbH,200393.0,1,65536.0,[200393],2.0093353721389574e-06,5.2441340087586766e-09
Knowit Managed Services Oy,51164.0,1,1.0,[51164],2.0093353721389574e-06,8.001913465513117e-14
Kontel LLC,1226940.0,6,17179869186.0,[204490],1.2056012232833745e-05,0.0013747182657520727
LEASEWEB UK LIMITED,205544.0,1,4294967296.0,[205544],2.0093353721389574e-06,0.00034367956639800863
LIBANTELECOM,126009.0,3,33554433.0,[42003],6.028006116416873e-06,2.6849966925035767e-06
LINE Corporation,77262.0,2,2.7755575615628914e-17,[38631],4.018670744277915e-06,2.2209771426176853e-30
"LLC ""Internet Tehnologii""",180108.0,4,68719673344.0,[45027],8.03734148855583e-06,0.005498888794770164
"LLC ""KomTehCentr""",25336.0,2,2.0,[12668],4.018670744277915e-06,1.6003826931026235e-13
"LLC ""MASTERHOST""",204256.0,8,4.000000000931323,[25532],1.607468297711166e-05,3.200765386950483e-13
LLC Baxet,305420.0,6,17179869184.0,"[49392, 51659]",1.2056012232833745e-05,0.0013747182655920345
LLC Smart Ape,283470.0,5,12885032960.0,[56694],1.0046676860694788e-05,0.0010310491874620433
LLC Vpsville,1368592.0,23,82409685008.0,[59504],4.6214713559196026e-05,0.006594351681542096
Latitude.sh,109394256.0,276,137440260096.0,[396356],0.0005545765627103523,0.010997850679658075
Latitude.sh LTDA,128258343.0,489,139241.6953125,[262287],0.0009825649969759504,1.1141999966819684e-08
Latvijas Mobilais Telefons SIA,138225.0,7,67108867.0,"[24921, 12847]",1.4065347604972704e-05,5.369993465026288e-06
LeaseWeb Netherlands B.V.,32092368.0,528,988111025073.0,[60781],0.0010609290764893697,0.07906778916953608
Leaseweb Deutschland GmbH,28753.0,1,4294967296.0,[28753],2.0093353721389574e-06,0.00034367956639800863
"Leaseweb USA, Inc.",30294170.0,977,95877008537.0,"[30633, 396362]",0.0019631206585797615,0.007671995256453364
"Level 3 Parent, LLC",3549.0,1,1.3877787807814457e-17,[3549],2.0093353721389574e-06,1.1104885713088427e-30
Liden Data Internetwork AB,13189.0,1,65536.0,[13189],2.0093353721389574e-06,5.2441340087586766e-09
LightWave Networks,63028.0,4,16384.0,"[12167, 26527]",8.03734148855583e-06,1.3110335021896691e-09
"Lightower Fiber Networks I, LLC",93774.0,2,131072.0,[46887],4.018670744277915e-06,1.0488268017517353e-08
Lilith Network INC.,202528.0,1,16777216.0,[202528],2.0093353721389574e-06,1.3424983062422212e-06
"Limelight Networks, Inc.",446166.0,16,2.220446049250313e-16,"[55429, 38622, 22822]",3.214936595422332e-05,1.7767817140941483e-29
Local Loop Oy,3071685.0,15,15.0,[204779],3.0140030582084363e-05,1.2002870198269676e-12
LoudTronix Inc.,2052120.0,10,2621440.0,[205212],2.0093353721389577e-05,2.0976536035034705e-07
Louvetel Comunicação Comercial Ltda ME,526220.0,2,33554432.0,[263110],4.018670744277915e-06,2.6849966124844424e-06
LueneCom Kommunikationsloesungen GmbH,201035.0,1,1.3877787807814457e-17,[201035],2.0093353721389574e-06,1.1104885713088427e-30
Luiz Fernando Ribeiro Amaral,209114.0,1,1.0,[209114],2.0093353721389574e-06,8.001913465513117e-14
M-net Telekommunikations GmbH,43835.0,5,5.0,[8767],1.0046676860694788e-05,4.0009567327565584e-13
M247 Europe SRL,10612602.0,1178,73026740727.51172,[9009],0.002366997068379692,0.0058435365997001115
MARIA STYLE LTD,58339.0,1,65536.0,[58339],2.0093353721389574e-06,5.2441340087586766e-09
MAYBANK Data Center (Co-Location),3639875.0,29,478.0,"[131445, 45430]",5.827072579202977e-05,3.82491463651527e-11
MD TECHNOLOGY LIMITED,399948.0,2,2097152.0,[199974],4.018670744277915e-06,1.6781228828027765e-07
MENA LEVANT W.L.L,59605.0,1,256.0,[59605],2.0093353721389574e-06,2.048489847171358e-11
MEO - SERVICOS DE COMUNICACOES E MULTIMEDIA S.A.,112541.0,13,13.0,[8657],2.612135983780645e-05,1.0402487505167052e-12
MIHAILA VALENTIN-EUGEN,41732.0,1,268435456.0,[41732],2.0093353721389574e-06,2.147997289987554e-05
MOACK.Co.LTD,135605.0,1,4294967296.0,[135605],2.0093353721389574e-06,0.00034367956639800863
MRGROUP INVESTMENTS LIMITED,61178.0,1,4294967296.0,[61178],2.0093353721389574e-06,0.00034367956639800863
MULTIDIST SARL,60703.0,1,4294967296.0,[60703],2.0093353721389574e-06,0.00034367956639800863
"Mach Dilemma, LLC",80276.0,2,131072.0,[40138],4.018670744277915e-06,1.0488268017517353e-08
MadeIT inc.,54455.0,1,1.3877787807814457e-17,[54455],2.0093353721389574e-06,1.1104885713088427e-30
Mammoth Media Pty Ltd,133159.0,1,1.0,[133159],2.0093353721389574e-06,8.001913465513117e-14
Manir LLC,120778.0,2,8589934592.0,[60389],4.018670744277915e-06,0.0006873591327960173
Maxis Broadband Sdn Bhd,753186.0,79,514.0,[9534],0.00015873749439897764,4.1129835212737424e-11
Mediacom Communications Corp,30036.0,1,1.0,[30036],2.0093353721389574e-06,8.001913465513117e-14
"Mega Cable, S.A. de C.V.",223984.0,16,1.0547118733938987e-15,[13999],3.214936595422332e-05,8.439713141947204e-29
Megacore Technology Company Limited,34780070.0,247,1629356032.0,[140810],0.0004963058369183226,0.0001303796597257582
Melbikomas UAB,226520.0,4,196609.0,[56630],8.03734148855583e-06,1.5732482045410683e-08
Miku Network Technology Limited,107997090.0,510,613106.1291503906,[211759],0.0010247610397908684,4.906022190637135e-08
MilkyWan Association,2027.0,1,1.0,[2027],2.0093353721389574e-06,8.001913465513117e-14
"Misaka Network, Inc.",300414.0,6,393216.0,[50069],1.2056012232833745e-05,3.1464804052552056e-08
Mobile Telecommunication Company Saudi Arabia Joint-Stock company,43766.0,1,256.0,[43766],2.0093353721389574e-06,2.048489847171358e-11
Modesco LLC,56434.0,1,4294967296.0,[56434],2.0093353721389574e-06,0.00034367956639800863
MonoCloud Pty Ltd,2690730.0,18,1179648.0,[149485],3.6168036698501236e-05,9.439441215765617e-08
NASA Ames Research Center,21556.0,1,65536.0,[21556],2.0093353721389574e-06,5.2441340087586766e-09
NAU Country Insurance Company,794554.0,2,131072.0,[397277],4.018670744277915e-06,1.0488268017517353e-08
NAUKOWA I AKADEMICKA SIEC KOMPUTEROWA - PANSTWOWY INSTYTUT BADAWCZY,204679.0,1,1.0,[204679],2.0093353721389574e-06,8.001913465513117e-14
NAV COMMUNICATIONS SRL,13436.0,2,2.7755575615628914e-17,[6718],4.018670744277915e-06,2.2209771426176853e-30
"NET42, svetovanje in razvoj internetnih resitev, d.o.o.",198644.0,1,1.3877787807814457e-17,[198644],2.0093353721389574e-06,1.1104885713088427e-30
NETBUDUR TELEKOMUNIKASYON LIMITED SIRKETI,1620040.0,8,8.0,[202505],1.607468297711166e-05,6.401530772410494e-13
NEXUSGUARD LIMITED,181896.0,4,5.551115123125783e-17,[45474],8.03734148855583e-06,4.441954285235371e-30
NForce Entertainment B.V.,43350.0,1,68719476736.0,[43350],2.0093353721389574e-06,0.005498873062368138
"NINGBO, ZHEJIANG Province, P.R.China.",136188.0,1,1.3877787807814457e-17,[136188],2.0093353721389574e-06,1.1104885713088427e-30
"NOS COMUNICACOES, S.A.",343200.0,120,450.0,[2860],0.0002411202446566749,3.600861059480903e-11
"NTT DOCOMO, INC.",931685.0,97,922.0,[9605],0.0001949055310974789,7.377764215203094e-11
NTX Technologies s.r.o.,200452.0,4,4563533824.0,[50113],8.03734148855583e-06,0.00036517002756590166
NUR Telecom LLC,47237.0,1,68719476736.0,[47237],2.0093353721389574e-06,0.005498873062368138
National Applied Research Laboratories,82929.0,11,11.0,[7539],2.2102689093528532e-05,8.802104812064429e-13
National Chung Hsing University,4977.0,3,65538.0,[1659],6.028006116416873e-06,5.244294047027986e-09
National Infrastructures for Research and Technology S.A.,5408.0,1,1.0,[5408],2.0093353721389574e-06,8.001913465513117e-14
National Knowledge Network,55824.0,1,65536.0,[55824],2.0093353721389574e-06,5.2441340087586766e-09
Nazwa.pl Sp.z.o.o.,31934.0,2,65536.00000000023,[15967],4.018670744277915e-06,5.244134008758695e-09
Nearoute Limited,51847.0,1,1048576.0,[51847],2.0093353721389574e-06,8.390614414013883e-08
Nej.cz s.r.o.,99534.0,2,2.0,[49767],4.018670744277915e-06,1.6003826931026235e-13
NeocomISP Limited,9902.0,1,65536.0,[9902],2.0093353721389574e-06,5.2441340087586766e-09
"NetActuate, Inc",36236.0,1,1.0,[36236],2.0093353721389574e-06,8.001913465513117e-14
NetAssist LLC,17544.0,2,2097152.0,[8772],4.018670744277915e-06,1.6781228828027765e-07
NetBase BV,213192.0,1,65536.0,[213192],2.0093353721389574e-06,5.2441340087586766e-09
NetCologne Gesellschaft fur Telekommunikation mbH,547430.0,65,3.0000000000000036,[8422],0.00013060679918903224,2.400574039653938e-13
NetNet,3663.0,1,1.0,[3663],2.0093353721389574e-06,8.001913465513117e-14
Netassist Limited,98271.0,3,137438953473.0,"[29632, 39249, 29390]",6.028006116416873e-06,0.010997746124816295
Netex Limited,311022.0,6,25769803776.0,[51837],1.2056012232833745e-05,0.0020620773983880515
Netrunner Inc,6369.0,1,4294967296.0,[6369],2.0093353721389574e-06,0.00034367956639800863
Netservers Limited,71652.0,2,2.0,[35826],4.018670744277915e-06,1.6003826931026235e-13
Netversor GmbH,200081.0,1,4294967296.0,[200081],2.0093353721389574e-06,0.00034367956639800863
Netwerkvereniging Coloclue,8283.0,1,65536.0,[8283],2.0093353721389574e-06,5.2441340087586766e-09
Network Management Ltd,820500.0,4,4.0,[205125],8.03734148855583e-06,3.200765386205247e-13
Network Technology Harald Firing Karlsen,48144.0,1,1.0,[48144],2.0093353721389574e-06,8.001913465513117e-14
Neustar Security Services,9533224.0,24,3.3306690738754696e-16,"[397220, 397213]",4.822404893133498e-05,2.665172571141222e-29
Newserverlife LLC,99582.0,2,2.0,[49791],4.018670744277915e-06,1.6003826931026235e-13
"No.31,Jin-rong Street",90948.0,22,9.5,[4134],4.4205378187057064e-05,7.601817792237461e-13
Noah van der Aa,395838.0,2,2.0,[197919],4.018670744277915e-06,1.6003826931026235e-13
"Nocix, LLC",600966.0,18,1114113.0,[33387],3.6168036698501236e-05,8.915035816803215e-08
Northern Data AG,59437.0,1,1.3877787807814457e-17,[59437],2.0093353721389574e-06,1.1104885713088427e-30
Nova Telecommunications & Media Single Member S.A,3723.0,3,4.163336342344337e-17,[1241],6.028006116416873e-06,3.331465713926528e-30
OBOS OPENNET AS,211309.0,1,1.0,[211309],2.0093353721389574e-06,8.001913465513117e-14
OCEAN WAVES DATA LIMITED,200241.0,1,1.0,[200241],2.0093353721389574e-06,8.001913465513117e-14
OOO VPS,801948.0,4,5.551115123125783e-17,[200487],8.03734148855583e-06,4.441954285235371e-30
OPTAGE Inc.,17511.0,1,256.0,[17511],2.0093353721389574e-06,2.048489847171358e-11
ORANGE BUSINESS SERVICES AS,25148.0,1,1.0,[25148],2.0093353721389574e-06,8.001913465513117e-14
ORANGE MOLDOVA S.A.,25454.0,1,1.3877787807814457e-17,[25454],2.0093353721389574e-06,1.1104885713088427e-30
OVH SAS,227864.0,14,10.0,[16276],2.8130695209945408e-05,8.001913465513117e-13
Office des Postes et des Telecomm. de Nouvelle Caledonie,18200.0,1,1.0,[18200],2.0093353721389574e-06,8.001913465513117e-14
Office of Info.Tech. Admin. for Educational Development,137500.0,2,2.0,"[4621, 132879]",4.018670744277915e-06,1.6003826931026235e-13
Oman Telecommunications Company (S.A.O.G),86655.0,3,3.0,[28885],6.028006116416873e-06,2.400574039653935e-13
One New Zealand Group Limited,2992500.0,315,645.87890625,[9500],0.0006329406422237717,5.1682671170127594e-11
One.com A/S,1646976.0,32,32.0,[51468],6.429873190844664e-05,2.5606123089641975e-12
Ooredoo Q.S.C.,122934.0,14,224.0,[8781],2.8130695209945408e-05,1.7924286162749382e-11
Optimizely AB,30811.0,1,65536.0,[30811],2.0093353721389574e-06,5.2441340087586766e-09
Orange S.A.,19290.0,6,6.0,[3215],1.2056012232833745e-05,4.80114807930787e-13
Osirnet Info Telecom Ltda.,787377.0,3,6.661338147750939e-16,[262459],6.028006116416873e-06,5.330345142282444e-29
Overweb Srl,85384.0,2,8589934592.0,[42692],4.018670744277915e-06,0.0006873591327960173
Owl Limited,43357.0,1,4294967296.0,[43357],2.0093353721389574e-06,0.00034367956639800863
Oxylabs,396319.0,1,68719476736.0,[396319],2.0093353721389574e-06,0.005498873062368138
P.A.G.M. OU,1188408.0,6,8.326672684688674e-17,[198068],1.2056012232833745e-05,6.662931427853055e-30
"PJSC ""Vimpelcom""",16345.0,1,1.0,[16345],2.0093353721389574e-06,8.001913465513117e-14
PLUSWEB SUNUCU INTERNET HIZMETLERI TICARET LIMITED SIRKETI,36768725.0,175,75161927680.0,[210107],0.00035163369012431757,0.006014392411965151
PODA a.s.,92292.0,3,4.163336342344337e-17,[30764],6.028006116416873e-06,3.331465713926528e-30
POLONETWORK LIMITED,605352.0,4,34668544.0,[151338],8.03734148855583e-06,2.77414689063334e-06
PSA AUTOMOBILES SA,16236.0,1,1.0,[16236],2.0093353721389574e-06,8.001913465513117e-14
PT XL Axiata Tbk,2759142.0,114,1074.0,[24203],0.00022906423242384117,8.594055061961088e-11
PT. INDOSAT Tbk,4761.0,1,1099511627776.0,[4761],2.0093353721389574e-06,0.08798196899789021
"PT. Smartfren Telecom, Tbk",133798.0,1,1.0,[133798],2.0093353721389574e-06,8.001913465513117e-14
PT. Telekomunikasi Selular,236930.0,10,265.0,[23693],2.0093353721389577e-05,2.120507068360976e-11
PacketHub S.A.,354186.0,2,2.0,"[147049, 207137]",4.018670744277915e-06,1.6003826931026235e-13
PaoPaoYu Network LTD.,405822.0,2,17825792.0,[202911],4.018670744277915e-06,1.42640445038236e-06
Peaktera,32931.0,1,1048576.0,[32931],2.0093353721389574e-06,8.390614414013883e-08
Perfect Cloud Technologies LLC,211027.0,1,4294967296.0,[211027],2.0093353721389574e-06,0.00034367956639800863
"Perfect International, Inc",2602924.0,116,1174405121.0,[22439],0.00023308290316811908,9.397488151697461e-05
Perfect Sense AB,201633.0,1,65536.0,[201633],2.0093353721389574e-06,5.2441340087586766e-09
Performive LLC,2607472.0,56,655361.0,[46562],0.00011252278083978163,5.244142010672142e-08
Peter Jin Technologies LLC,398565.0,1,1.0,[398565],2.0093353721389574e-06,8.001913465513117e-14
Petersburg Internet Network ltd.,22185600.0,640,171798691840.0,[34665],0.001285974638168933,0.013747182655920344
Phan Nhat Nghi,3798575.0,19,34510733314.0,[199925],3.817737207064019e-05,0.0027615190161002874
Philippine Long Distance Telephone Co.,9299.0,1,1.3877787807814457e-17,[9299],2.0093353721389574e-06,1.1104885713088427e-30
Ping Identity Corporation,400797.0,1,65536.0,[400797],2.0093353721389574e-06,5.2441340087586766e-09
Planisware Singapore Pte. Ltd,150347.0,1,4294967296.0,[150347],2.0093353721389574e-06,0.00034367956639800863
Playdom B.V.,243624.0,4,5.551115123125783e-17,[60906],8.03734148855583e-06,4.441954285235371e-30
Plim Mobile Telecom LLC,7575225.0,35,423170.0,[216435],7.032673802486352e-05,3.386169721201186e-08
Plus.line AG,49224.0,4,5.551115123125783e-17,[12306],8.03734148855583e-06,4.441954285235371e-30
Podillia-hotel PJSC,201626.0,1,65536.0,[201626],2.0093353721389574e-06,5.2441340087586766e-09
Portland Internet Hosting LLC,36791.0,1,16777216.0,[36791],2.0093353721389574e-06,1.3424983062422212e-06
PrivateSystems Networks,3297320.0,52,7.216449660063518e-16,[63410],0.0001044854393512258,5.774540570805981e-29
Privex Inc.,210083.0,1,1.0,[210083],2.0093353721389574e-06,8.001913465513117e-14
Proen Corp Public Company Limited,23884.0,1,1.3877787807814457e-17,[23884],2.0093353721389574e-06,1.1104885713088427e-30
Proximus NV,727888.0,134,463.0,[5432],0.0002692509398666203,3.704885934532573e-11
Psychz Networks,732168.0,18,8858841093.0,[40676],3.6168036698501236e-05,0.0007088767983091764
"QTnet,Inc.",138222.0,18,228.0,[7679],3.6168036698501236e-05,1.8244362701369906e-11
"Qingdao,266000",117082.0,2,0.125,[58541],4.018670744277915e-06,1.0002391831891397e-14
QuadraNet Enterprises LLC,882900.0,109,16384.0,[8100],0.00021901755556314638,1.3110335021896691e-09
Quickline AG,93600.0,6,4.996003610813204e-16,[15600],1.2056012232833745e-05,3.997758856711833e-29
Qwilt Inc.,202530.0,10,589825.0,[20253],2.0093353721389577e-05,4.719728609796274e-08
"RACKTECH CO., LTD.",3720045064.0,18154,688087907577.8763,[204916],0.03647747434581063,0.05506019893104154
RADISHCLOUD TECHNOLOGY LLC,2817038.0,14,18612224.0,[201217],2.8130695209945408e-05,1.489334058487464e-06
RETN Limited,1332296.0,148,478.0,[9002],0.0002973816350765657,3.82491463651527e-11
RODRIGUEZ PEDRO ALBERTO JUAN,271991.0,1,4294967296.0,[271991],2.0093353721389574e-06,0.00034367956639800863
Rage4 Networks Limited,396824.0,2,8589934592.0,[198412],4.018670744277915e-06,0.0006873591327960173
Redge Technologies sp. z o.o.,201029.0,1,65536.0,[201029],2.0093353721389574e-06,5.2441340087586766e-09
"Reflected Networks, Inc.",29789.0,1,1.0,[29789],2.0093353721389574e-06,8.001913465513117e-14
RegioNet Schweinfurt GmbH,179896.0,4,5.551115123125783e-17,[44974],8.03734148855583e-06,4.441954285235371e-30
Reliance Jio Infocomm Limited,7370352.0,132,5096.0,[55836],0.0002652322691223424,4.0777751020254844e-10
Renaissance Phuket Resort & Spa,38794.0,1,1.0,[38794],2.0093353721389574e-06,8.001913465513117e-14
Renater,37400.0,17,17.0,[2200],3.415870132636228e-05,1.36032528913723e-12
Republican Unitary Telecommunication Enterprise Beltelecom,261183.0,39,5.412337245047638e-16,[6697],7.836407951341935e-05,4.3309054281044864e-29
"Robert Meyer trading as ""Mittwald CM Service GmbH & Co. KG""",31634.0,2,7.105427357601002e-15,[15817],4.018670744277915e-06,5.6857014851012745e-28
Roblox,113485.0,5,6.938893903907228e-17,[22697],1.0046676860694788e-05,5.552442856544213e-30
Rogers Communications Canada Inc.,64960.0,80,920.0,[812],0.0001607468297711166,7.361760388272068e-11
Rohmad Kumiadin,20662516.0,98,5906628608.0,[210842],0.00019691486646961784,0.000472643309941402
Royal Thai Armed Force Headquarters,38040.0,1,256.0,[38040],2.0093353721389574e-06,2.048489847171358e-11
Rozint Ltd Co,43476.0,2,269484032.0,[21738],4.018670744277915e-06,2.156387904401568e-05
Rumahweb,14212341.0,243,3.9968028886505635e-15,[58487],0.0004882684954297667,3.1982070853694666e-28
SC ITNS.NET SRL,11941272.0,58,58.0,[205884],0.00011654145158405954,4.6411098099976075e-12
SCALEWAY S.A.S.,90132.0,7,196612.0,[12876],1.4065347604972704e-05,1.573272210281465e-08
"SERVERFIELD CO., LTD.",268188.0,2,8192.0,[134094],4.018670744277915e-06,6.555167510948346e-10
SIA VEESP,43317.0,1,4294967296.0,[43317],2.0093353721389574e-06,0.00034367956639800863
"SICLOUD INFORMATION TECHNOLOGY (HONGKONG) CO., LIMITED",298084.0,2,2.7755575615628914e-17,[149042],4.018670744277915e-06,2.2209771426176853e-30
SIXNET OPERATION LTD,1784079.0,9,103079215104.0,[198231],1.8084018349250618e-05,0.008248309593552206
SORACOM. INC.,131910.0,1,4294967296.0,[131910],2.0093353721389574e-06,0.00034367956639800863
STARK INDUSTRIES SOLUTIONS LTD,6449165.0,145,4378702345.0,[44477],0.00029135362896014883,0.0003503799725592936
SYN LTD,64080.0,1,4294967296.0,[64080],2.0093353721389574e-06,0.00034367956639800863
"Salesforce.com, Inc.",14340.0,1,1.3877787807814457e-17,[14340],2.0093353721389574e-06,1.1104885713088427e-30
Sama Tech s.r.o.,200222.0,1,1.3877787807814457e-17,[200222],2.0093353721389574e-06,1.1104885713088427e-30
SatGate LLC,245768.0,8,2147483648.0,[30721],1.607468297711166e-05,0.00017183978319900431
Satnet,319484.0,22,202.0,[14522],4.4205378187057064e-05,1.6163865200336495e-11
Saudi Telecom Company JSC,500380.0,20,740.0,[25019],4.018670744277915e-05,5.921415964479707e-11
Scalaxy B.V.,116122.0,2,8589934592.0,[58061],4.018670744277915e-06,0.0006873591327960173
ScaleUp Technologies GmbH & Co. KG,116056.0,4,17179869184.0,[29014],8.03734148855583e-06,0.0013747182655920345
"Scaleblade, Ltd.",52041.0,1,65536.0,[52041],2.0093353721389574e-06,5.2441340087586766e-09
Securebit AG,1973938.0,34,34.0,[58057],6.831740265272456e-05,2.72065057827446e-12
Serverius Holding B.V.,676728.0,4,16973824.0,"[50673, 208685]",8.03734148855583e-06,1.3582307082684971e-06
"Shanghai Luogu Network Technology Co., Ltd.",151464.0,1,65536.0,[151464],2.0093353721389574e-06,5.2441340087586766e-09
Shenzhen Tencent Computer Systems Company Limited,90180.0,2,2.0,[45090],4.018670744277915e-06,1.6003826931026235e-13
"Shenzhen lesuyun Network Technology Co., Ltd",448539.0,3,4.163336342344337e-17,[149513],6.028006116416873e-06,3.331465713926528e-30
Sigai Network LTD,199467.0,1,1048576.0,[199467],2.0093353721389574e-06,8.390614414013883e-08
Signet B.V.,70940.0,2,2.7755575615628914e-17,[35470],4.018670744277915e-06,2.2209771426176853e-30
"Sinewave, Inc.",59498.0,2,131072.0,[29749],4.018670744277915e-06,1.0488268017517353e-08
Skydance Productions LLC,398668.0,1,1048576.0,[398668],2.0093353721389574e-06,8.390614414013883e-08
"Societatea mixta pe actiuni de tip inchis ""Interdnestrcom""",15470.0,10,2.220446049250313e-15,[1547],2.0093353721389577e-05,1.7767817140941482e-28
Societe Francaise Du Radiotelephone - SFR SA,77785.0,5,5.0,[15557],1.0046676860694788e-05,4.0009567327565584e-13
SoftLayer Technologies Inc.,72702.0,2,2.0,[36351],4.018670744277915e-06,1.6003826931026235e-13
Sole trader Malkov Dmitrii Vladimirovich,481080.0,10,42949672960.0,[48108],2.0093353721389577e-05,0.003436795663980086
"SolidNetwork Technologies, Inc.",14401.0,1,4294967296.0,[14401],2.0093353721389574e-06,0.00034367956639800863
Sony Network Communications Inc.,2527.0,1,1.0,[2527],2.0093353721389574e-06,8.001913465513117e-14
Spaceship Landings LLC,400743.0,1,65536.0,[400743],2.0093353721389574e-06,5.2441340087586766e-09
Sprint,2478.0,2,8589934592.0,[1239],4.018670744277915e-06,0.0006873591327960173
Sprious LLC,771204.0,12,3221225472.0,[64267],2.411202446566749e-05,0.00025775967479850644
"StackPath, LLC.",1281930.0,43,791053.0,"[20446, 33438]",8.640142100197517e-05,6.329937652634548e-08
Starhub Ltd.,148570.0,21,16777700.0,"[4657, 55430]",4.219604281491811e-05,1.3425370355033943e-06
"State of North Dakota, ITD",19530.0,1,1.0,[19530],2.0093353721389574e-06,8.001913465513117e-14
SteveYi Experiment Network,141173.0,1,16777216.0,[141173],2.0093353721389574e-06,1.3424983062422212e-06
Strato AG,6724.0,1,1.0,[6724],2.0093353721389574e-06,8.001913465513117e-14
Super Godzilla Communications GK,277304.0,2,33554432.0,[138652],4.018670744277915e-06,2.6849966124844424e-06
Swisscom (Schweiz) AG,59454.0,18,228.0,[3303],3.6168036698501236e-05,1.8244362701369906e-11
Sys-DataCom s.r.o.,44002.0,1,1.0,[44002],2.0093353721389574e-06,8.001913465513117e-14
TDC Holding A/S,9876.0,3,33.0,[3292],6.028006116416873e-06,2.6406314436193285e-12
TEFINCOM S.A.,141039.0,1,65536.0,[141039],2.0093353721389574e-06,5.2441340087586766e-09
TELECOM ITALIA SPARKLE S.p.A.,2704800.0,400,1183.8671875,[6762],0.0008037341488555831,9.473202789035393e-11
TELESISTEMA S.R.L.,264642.0,1,2.220446049250313e-16,[264642],2.0093353721389574e-06,1.7767817140941483e-29
TELUS Communications Inc.,76680.0,90,450.0,[852],0.0001808401834925062,3.600861059480903e-11
TM TECHNOLOGY SERVICES SDN BHD,373464.0,78,678.0,[4788],0.0001567281590268387,5.425297329617893e-11
TNNet Oy,30798.0,1,1.3877787807814457e-17,[30798],2.0093353721389574e-06,1.1104885713088427e-30
TPG Internet Pty Ltd,113175.0,15,240.0,[7545],3.0140030582084363e-05,1.920459231723148e-11
TRUE INTERNET CORPORATION CO. LTD.,7470.0,1,1.0,[7470],2.0093353721389574e-06,8.001913465513117e-14
TT DOTCOM SDN BHD,109230.0,11,9.853229343548264e-16,[9930],2.2102689093528532e-05,7.884468856292782e-29
"Taiwan Fixed Network, Telco and Network Service Provider.",506124.0,51,411.0,[9924],0.00010247610397908684,3.288786434325891e-11
TalkTalk Communications Limited,13285.0,1,1.3877787807814457e-17,[13285],2.0093353721389574e-06,1.1104885713088427e-30
Telconet S.A,55894.0,2,2.0,[27947],4.018670744277915e-06,1.6003826931026235e-13
Tele2 Sverige AB,1158954.0,922,921.0,[1257],0.001852607213112119,7.369762301737581e-11
Telefonica Germany GmbH & Co.OHG,884650.0,130,1.8041124150158794e-15,[6805],0.0002612135983780645,1.4436351427014954e-28
Telekomunikasi Indonesia (PT),794439.0,103,3238.0,[7713],0.00020696154333031263,2.5910195801331473e-10
TelemaxX Telekommunikation GmbH,12843.0,1,65536.0,[12843],2.0093353721389574e-06,5.2441340087586766e-09
Telenet BVBA,27392.0,4,4.0,[6848],8.03734148855583e-06,3.200765386205247e-13
Telfly Technology Limited,375453.0,9,32769.0,[41717],1.8084018349250618e-05,2.622147023513993e-09
Telmex Colombia S.A.,14080.0,1,256.0,[14080],2.0093353721389574e-06,2.048489847171358e-11
Telnab Networks LLC,1580952.0,8,34359738368.0,[197619],1.607468297711166e-05,0.002749436531184069
Telstra Corporation Limited,50061.0,41,41.0,[1221],8.238275025769726e-05,3.280784520860378e-12
Telstra International Limited,496159.0,107,512.0,[4637],0.00021499888481886847,4.096979694342716e-11
TerraHost AS,169965.0,3,196608.0,[56655],6.028006116416873e-06,1.5732402026276028e-08
"The Constant Company, LLC",31282744.0,1528,210453660800.23267,[20473],0.0030702644486283273,0.016840319822239116
Tianhong Peng,200021.0,1,65536.0,[200021],2.0093353721389574e-06,5.2441340087586766e-09
"Tianjij,300000",54619686.0,933,195.38400745391846,[58542],0.0018747099022056474,1.5634459201914252e-11
Tier.Net Technologies LLC,397423.0,1,1.0,[397423],2.0093353721389574e-06,8.001913465513117e-14
"TierPoint, LLC",121646.0,7,9.71445146547012e-17,[17378],1.4065347604972704e-05,7.773419999161898e-30
Tri-State Generation and Transmission Association Inc.,11250.0,1,16777216.0,[11250],2.0093353721389574e-06,1.3424983062422212e-06
Triple T Broadband Public Company Limited,13681642.0,299,974.0,[45758],0.0006007912762695483,7.793863715409776e-11
Turk Telekomunikasyon Anonim Sirketi,63847.0,7,1537.0,[9121],1.4065347604972704e-05,1.229894099649366e-10
Turkiye Cumhuriyet Merkez Bankasi Anonim Sirketi,135424.0,4,4.0,[33856],8.03734148855583e-06,3.200765386205247e-13
UAB Rakrejus,186846.0,3,12288.0,[62282],6.028006116416873e-06,9.832751266422518e-10
UK On-line Agri-sales Limited,202235.0,1,4294967296.0,[202235],2.0093353721389574e-06,0.00034367956639800863
UK-2 Limited,753141.0,57,356352.0,[13213],0.00011453211621192059,2.8514978672625304e-08
"UnReal Servers, LLC",64236.0,1,68719476736.0,[64236],2.0093353721389574e-06,0.005498873062368138
Unitary enterprise A1,42772.0,1,1.3877787807814457e-17,[42772],2.0093353721389574e-06,1.1104885713088427e-30
United States Department of Justice,45390.0,3,4.163336342344337e-17,[15130],6.028006116416873e-06,3.331465713926528e-30
Universitas Brawijaya,46019.0,1,4294967296.0,[46019],2.0093353721389574e-06,0.00034367956639800863
Universitatea TRANSILVANIA Brasov,25304.0,1,1.0,[25304],2.0093353721389574e-06,8.001913465513117e-14
University of Illinois,114.0,3,4.163336342344337e-17,[38],6.028006116416873e-06,3.331465713926528e-30
"Unlimited Net, LLC",23980.0,2,8192.0,[11990],4.018670744277915e-06,6.555167510948346e-10
VIETNAM POSTS AND TELECOMMUNICATIONS GROUP,135905.0,1,256.0,[135905],2.0093353721389574e-06,2.048489847171358e-11
VMHaus Limited,409860.0,3,2097153.0,[136620],6.028006116416873e-06,1.678123682994123e-07
VNIDC TECHNOLOGY COMPANY LIMITED,281648.0,2,8192.0,[140824],4.018670744277915e-06,6.555167510948346e-10
VNSUN CLOUD COMPANY LIMITED,298302.0,2,8192.0,[149151],4.018670744277915e-06,6.555167510948346e-10
VOCUS PTY LTD,198303.0,21,21.0,[9443],4.219604281491811e-05,1.6804018277577546e-12
Veganet Teknolojileri ve Hizmetleri LTD STI,9481474.0,46,148981678081.0,[206119],9.242942711839205e-05,0.011921384959510943
Verein zur Foerderung eines Deutschen Forschungsnetzes e.V.,2040.0,3,2.0,[680],6.028006116416873e-06,1.6003826931026235e-13
Verizon Business,14437.0,5,2097155.0,"[701, 6167]",1.0046676860694788e-05,1.678125283376816e-07
Vetenskapsradet / SUNET,18183.0,11,10.0,[1653],2.2102689093528532e-05,8.001913465513117e-13
Vialis SEM,127461.0,3,6.661338147750939e-16,[42487],6.028006116416873e-06,5.330345142282444e-29
Vietnam Posts and Telecommunications (VNPT),21113540.0,460,466090.0,[45899],0.0009242942711839205,3.729611847141009e-08
Vinters IT Ltd,1555425.0,25,21477195790.0,[62217],5.023338430347394e-05,0.0017185866219346262
Virtual Systems LLC,30860.0,1,65536.0,[30860],2.0093353721389574e-06,5.2441340087586766e-09
Virtueon Solutions LLC,395196.0,2,2.0,[197598],4.018670744277915e-06,1.6003826931026235e-13
VisualViet Company Limited,10470537.0,77,6828326912.0,[135981],0.00015471882365469973,0.0005463968106405841
Vodafone Australia Pty Ltd,267224.0,2,131072.0,[133612],4.018670744277915e-06,1.0488268017517353e-08
Vodafone Group PLC,2546.0,2,33554432.0,[1273],4.018670744277915e-06,2.6849966124844424e-06
Vodafone Idea Ltd. (VIL),7917298.0,155,1340.0,"[55410, 55644, 38266]",0.0003114469826815384,1.0722564043787576e-10
Vodafone Libertel B.V.,101745.0,3,3.0,[33915],6.028006116416873e-06,2.400574039653935e-13
Vodafone Net Iletisim Hizmetler AS,15924.0,1,68719476736.0,[15924],2.0093353721389574e-06,0.005498873062368138
Voxility LLP,12892.0,4,4.0,[3223],8.03734148855583e-06,3.200765386205247e-13
Voyager Internet Ltd.,56030.0,1,1.0,[56030],2.0093353721389574e-06,8.001913465513117e-14
"WENZHOU, ZHEJIANG Province, P.R.China.",157142986.0,1166,447.99702575802803,[134771],0.0023428850439140246,3.584833432922991e-11
Web Werks,33480.0,1,16777216.0,[33480],2.0093353721389574e-06,1.3424983062422212e-06
Web Werks India Pvt. Ltd.,133296.0,1,16777216.0,[133296],2.0093353721389574e-06,1.3424983062422212e-06
Web2Objects LLC,251496.0,4,2228224.0,[62874],8.03734148855583e-06,1.78300556297795e-07
"WestHost, Inc.",29854.0,1,4294967296.0,[29854],2.0093353721389574e-06,0.00034367956639800863
Wicked Networks Limited,141444.0,1,4294967296.0,[141444],2.0093353721389574e-06,0.00034367956639800863
WideOpenWest Finance LLC,183964.0,11,52822016.0,[16724],2.2102689093528532e-05,4.226772011059493e-06
Wideband Networks Pty Ltd,4764.0,1,1.0,[4764],2.0093353721389574e-06,8.001913465513117e-14
WorldLink Communications,332519.0,19,214.0,[17501],3.817737207064019e-05,1.712409481619807e-11
WorldStream B.V.,199924.0,4,4294967299.0,[49981],8.03734148855583e-06,0.000343679566638066
Worthington City Schools,36359.0,1,65536.0,[36359],2.0093353721389574e-06,5.2441340087586766e-09
XFIBER AS,8896.0,1,1.0,[8896],2.0093353721389574e-06,8.001913465513117e-14
"XMission, L.C.",795690.0,126,393216.0,[6315],0.00025317625688950866,3.1464804052552056e-08
Xiufeng Guo,210937.0,1,65536.0,[210937],2.0093353721389574e-06,5.2441340087586766e-09
Xplornet Communications Inc.,643860.0,28,28.0,[22995],5.6261390419890816e-05,2.2405357703436727e-12
XuanMing Liu,197433.0,1,1.0,[197433],2.0093353721389574e-06,8.001913465513117e-14
Zappie Host LLC,122276.0,2,33554432.0,[61138],4.018670744277915e-06,2.6849966124844424e-06
Zen Internet Ltd,13037.0,1,1.0,[13037],2.0093353721389574e-06,8.001913465513117e-14
Zenex 5ive Limited,209181.0,1,65536.0,[209181],2.0093353721389574e-06,5.2441340087586766e-09
Zenlayer Inc,43718.0,2,4096.0625,[21859],4.018670744277915e-06,3.2776337674333324e-10
eTOP sp. z o.o.,83412.0,4,8.881784197001252e-16,[20853],8.03734148855583e-06,7.107126856376593e-29
firstcolo GmbH,264396.0,6,8.326672684688674e-17,[44066],1.2056012232833745e-05,6.662931427853055e-30
hkgo LLC,7560.0,8,287571968.0,[945],1.607468297711166e-05,2.3011260030433072e-05
hosTELyon SAS,209146.0,1,4294967296.0,[209146],2.0093353721389574e-06,0.00034367956639800863
i3D.net B.V,99088.0,2,2.0,[49544],4.018670744277915e-06,1.6003826931026235e-13
"iZus Co., Ltd",9703650.0,165,165.0,[58810],0.000331540336402928,1.3203157218096643e-11
iiNet Limited,75887.0,16,16.0,"[4802, 4739]",3.214936595422332e-05,1.2803061544820988e-12
ipcom GmbH,17289.0,9,589824.0,[1921],1.8084018349250618e-05,4.7197206078828084e-08
its communications Inc.,9365.0,1,1.3877787807814457e-17,[9365],2.0093353721389574e-06,1.1104885713088427e-30
manitu GmbH,34240.0,1,1.0,[34240],2.0093353721389574e-06,8.001913465513117e-14
mnihyc Network Global,140938.0,1,268435456.0,[140938],2.0093353721389574e-06,2.147997289987554e-05
myLoc managed IT AG,24961.0,1,1.0,[24961],2.0093353721389574e-06,8.001913465513117e-14
"nextdns, Inc.",69878.0,2,8589934592.0,[34939],4.018670744277915e-06,0.0006873591327960173
noris network AG,185055.0,15,15.0,[12337],3.0140030582084363e-05,1.2002870198269676e-12
relaxt Webdienstleistungsagentur GmbH,205989.0,1,65536.0,[205989],2.0093353721389574e-06,5.2441340087586766e-09
ropa GmbH,592911.0,3,6.661338147750939e-16,[197637],6.028006116416873e-06,5.330345142282444e-29
socialimprove LLC,772176.0,16,68719476736.0,[48261],3.214936595422332e-05,0.005498873062368138
telematis Netzwerke GmbH,619670.0,10,10.0,[61967],2.0093353721389577e-05,8.001913465513117e-13
"trafficforce, UAB",4790309.0,23,154618822673.0,"[212144, 133944, 201341]",4.6214713559196026e-05,0.012372464391688636
"tzulo, inc.",23756.0,2,8192.0,[11878],4.018670744277915e-06,6.555167510948346e-10
uPress Inc,838488.0,4,4.718447854656915e-16,[209622],8.03734148855583e-06,3.775661142450065e-29
ungleich glarus ag,426162.0,2,2.7755575615628914e-17,[213081],4.018670744277915e-06,2.2209771426176853e-30
vv Network Inc,401654.0,2,65537.0,[200827],4.018670744277915e-06,5.244214027893332e-09
wilhelm.tel GmbH,4974216.0,312,1.0783041126671833e-14,[15943],0.0006269126361073548,8.628496199069708e-28
xTom,25342.0,10,458752.0,"[6233, 949]",2.0093353721389577e-05,3.6708938061310734e-08
xTom GmbH,9642.0,3,4.163336342344337e-17,[3214],6.028006116416873e-06,3.331465713926528e-30
xTom Hong Kong Limited,9312.0,1,1.3877787807814457e-17,[9312],2.0093353721389574e-06,1.1104885713088427e-30
xTom Pty Ltd,8888.0,1,1.3877787807814457e-17,[8888],2.0093353721389574e-06,1.1104885713088427e-30
