as,alias_prefix_num,alias_prefix_64_num,org_name,alias_prefix_ratio,alias_prefix_64_ratio
38,3,4.163336342344337e-17,University of Illinois,6.026020355896762e-06,3.322322261883819e-30
174,15,67239939.0,Cogent Communications,3.0130101779483812e-05,5.365714606224189e-06
209,20,320.0,"CenturyLink Communications, LLC",4.017346903931175e-05,2.5535845206399437e-11
513,1,1.3877787807814457e-17,CERN - European Organization for Nuclear Research,2.0086734519655874e-06,1.107440753961273e-30
577,461,85700.375,Bell Canada,0.0009259984613561358,6.838848469157451e-09
680,3,2.0,Verein zur Foerderung eines Deutschen Forschungsnetzes e.V.,6.026020355896762e-06,1.595990325399965e-13
701,3,3.0,Verizon Business,6.026020355896762e-06,2.393985488099947e-13
786,1,1.0,Jisc Services Limited,2.0086734519655874e-06,7.979951626999824e-14
812,80,920.0,Rogers Communications Canada Inc.,0.000160693876157247,7.341555496839838e-11
835,2,131072.0,GoCodeIT Inc,4.017346903931175e-06,1.045948219654121e-08
852,90,450.0,TELUS Communications Inc.,0.00018078061067690286,3.590978232149921e-11
906,3,3.0,DMIT Cloud Services,6.026020355896762e-06,2.393985488099947e-13
945,8,287571968.0,hkgo LLC,1.60693876157247e-05,2.2948103939211412e-05
949,7,458752.0,xTom,1.4060714163759111e-05,3.660818768789423e-08
1136,3,3.0,KPN B.V.,6.026020355896762e-06,2.393985488099947e-13
1221,41,41.0,Telstra Corporation Limited,8.235561153058909e-05,3.271780167069928e-12
1239,2,8589934592.0,Sprint,4.017346903931175e-06,0.0006854726252325247
1241,3,4.163336342344337e-17,Nova Telecommunications & Media Single Member S.A,6.026020355896762e-06,3.322322261883819e-30
1257,922,921.0,Tele2 Sverige AB,0.0018519969227122717,7.349535448466838e-11
1273,2,33554432.0,Vodafone Group PLC,4.017346903931175e-06,2.6776274423145497e-06
1299,223,1183.0,Arelion Sweden AB,0.000447934179788326,9.440282774740792e-11
1547,10,2.220446049250313e-15,"Societatea mixta pe actiuni de tip inchis ""Interdnestrcom""",2.0086734519655874e-05,1.7719052063380367e-28
1653,11,10.0,Vetenskapsradet / SUNET,2.2095407971621463e-05,7.979951626999824e-13
1659,3,65538.0,National Chung Hsing University,6.026020355896762e-06,5.229900697303145e-09
1680,1,1.0,Cellcom Fixed Line Communication L.P,2.0086734519655874e-06,7.979951626999824e-14
1741,1,1.3877787807814457e-17,CSC - Tieteen tietotekniikan keskus Oy,2.0086734519655874e-06,1.107440753961273e-30
1921,9,589824.0,ipcom GmbH,1.8078061067690288e-05,4.7067669884435446e-08
1930,17,2339.0,"Fundacao para a Ciencia e a Tecnologia, I.P.",3.414744868341498e-05,1.8665106855552588e-10
1955,1,1.0,KIFU (Governmental Info Tech Development Agency),2.0086734519655874e-06,7.979951626999824e-14
2027,1,1.0,MilkyWan Association,2.0086734519655874e-06,7.979951626999824e-14
2200,17,17.0,Renater,3.414744868341498e-05,1.3565917765899702e-12
2497,16,12.000000000000014,Internet Initiative Japan Inc.,3.21387752314494e-05,9.5759419523998e-13
2516,1,1.0,KDDI CORPORATION,2.0086734519655874e-06,7.979951626999824e-14
2519,1,1.3877787807814457e-17,ARTERIA Networks Corporation,2.0086734519655874e-06,1.107440753961273e-30
2527,1,1.0,Sony Network Communications Inc.,2.0086734519655874e-06,7.979951626999824e-14
2635,2,2.7755575615628914e-17,"Automattic, Inc",4.017346903931175e-06,2.214881507922546e-30
2852,14,14.0,CESNET z.s.p.o.,2.8121428327518223e-05,1.1171932277799754e-12
2856,1,1.3877787807814457e-17,British Telecommunications PLC,2.0086734519655874e-06,1.107440753961273e-30
2860,120,450.0,"NOS COMUNICACOES, S.A.",0.0002410408142358705,3.590978232149921e-11
2875,1,1.3877787807814457e-17,Joint Institute for Nuclear Research,2.0086734519655874e-06,1.107440753961273e-30
3175,3,12884901888.0,Citytelecom LLC,6.026020355896762e-06,0.001028208937848787
3214,3,4.163336342344337e-17,xTom GmbH,6.026020355896762e-06,3.322322261883819e-30
3215,6,6.0,Orange S.A.,1.2052040711793524e-05,4.787970976199894e-13
3223,4,4.0,Voxility LLP,8.03469380786235e-06,3.19198065079993e-13
3292,3,33.0,TDC Holding A/S,6.026020355896762e-06,2.633384036909942e-12
3303,18,228.0,Swisscom (Schweiz) AG,3.6156122135380576e-05,1.81942897095596e-11
3320,25,25.0,Deutsche Telekom AG,5.021683629913968e-05,1.994987906749956e-12
3363,1,8.673617379884035e-19,Hong Kong University of Science and Technology,2.0086734519655874e-06,6.921504712257956e-32
3389,13,1.8041124150158794e-16,Ford Motor Company,2.6112754875552637e-05,1.4396729801496548e-29
3462,6,4294967301.0,"Chunghwa Telecom Co., Ltd.",1.2052040711793524e-05,0.00034273631301525993
3549,1,1.3877787807814457e-17,"Level 3 Parent, LLC",2.0086734519655874e-06,1.107440753961273e-30
3557,1,65536.0,"Internet Systems Consortium, Inc.",2.0086734519655874e-06,5.229741098270605e-09
3663,1,1.0,NetNet,2.0086734519655874e-06,7.979951626999824e-14
3741,9,9.0,Dimension Data,1.8078061067690288e-05,7.181956464299842e-13
4134,22,9.5,"No.31,Jin-rong Street",4.4190815943242925e-05,7.580954045649833e-13
4185,1,65536.0,AT&T Corp.,2.0086734519655874e-06,5.229741098270605e-09
4230,2,512.0,CLARO S.A.,4.017346903931175e-06,4.08573523302391e-11
4538,24,4295229458.0,China Education and Research Network Center,4.8208162847174097e-05,0.00034275723301704675
4621,1,1.0,Office of Info.Tech. Admin. for Educational Development,2.0086734519655874e-06,7.979951626999824e-14
4637,107,512.0,Telstra International Limited,0.00021492805936031785,4.08573523302391e-11
4651,19,214.0,CAT Telecom Public Company Limited,3.816479558734616e-05,1.7077096481779623e-11
4657,20,16777700.0,Starhub Ltd.,4.017346903931175e-05,1.3388523441231494e-06
4739,15,15.0,iiNet Limited,3.0130101779483812e-05,1.1969927440499736e-12
4761,1,1099511627776.0,PT. INDOSAT Tbk,2.0086734519655874e-06,0.08774049602976317
4764,1,1.0,Wideband Networks Pty Ltd,2.0086734519655874e-06,7.979951626999824e-14
4782,6,6.0,"Data Communication Business Group,",1.2052040711793524e-05,4.787970976199894e-13
4788,78,678.0,TM TECHNOLOGY SERVICES SDN BHD,0.00015667652925331583,5.410407203105881e-11
4802,1,1.0,iiNet Limited,2.0086734519655874e-06,7.979951626999824e-14
4808,3,1.0,China Unicom,6.026020355896762e-06,7.979951626999824e-14
4811,2,2.0,China Telecom (Group),4.017346903931175e-06,1.595990325399965e-13
4812,2,2.0,China Telecom (Group),4.017346903931175e-06,1.595990325399965e-13
4835,46,210.0,China Telecom (Group),9.239897879041702e-05,1.675789841669963e-11
4837,46,280.0625,CHINA UNICOM Industrial Internet Backbone,9.239897879041702e-05,2.2348852025366384e-11
5408,1,1.0,National Infrastructures for Research and Technology S.A.,2.0086734519655874e-06,7.979951626999824e-14
5410,1480,12718959.0625,Bouygues Telecom SA,0.0029728367089090694,1.0149667806454103e-06
5432,134,463.0,Proximus NV,0.00026916224256338874,3.694717603300919e-11
5606,32,4.440892098500626e-16,GTS Telecom SRL,6.42775504628988e-05,3.5438104126760736e-29
6167,2,2097152.0,Verizon Business,4.017346903931175e-06,1.6735171514465936e-07
6233,3,4.163336342344337e-17,xTom,6.026020355896762e-06,3.322322261883819e-30
6315,126,393216.0,"XMission, L.C.",0.000253092854947664,3.1378446589623626e-08
6369,1,4294967296.0,Netrunner Inc,2.0086734519655874e-06,0.00034273631261626236
6697,39,5.412337245047638e-16,Republican Unitary Telecommunication Enterprise Beltelecom,7.833826462665792e-05,4.3190189404489644e-29
6718,2,2.7755575615628914e-17,NAV COMMUNICATIONS SRL,4.017346903931175e-06,2.214881507922546e-30
6724,1,1.0,Strato AG,2.0086734519655874e-06,7.979951626999824e-14
6762,400,1183.8671875,TELECOM ITALIA SPARKLE S.p.A.,0.0008034693807862349,9.44720288904233e-11
6805,130,1.8041124150158794e-15,Telefonica Germany GmbH & Co.OHG,0.00026112754875552637,1.439672980149655e-28
6848,4,4.0,Telenet BVBA,8.03469380786235e-06,3.19198065079993e-13
6939,1043,578241118.0,Hurricane Electric LLC,0.0020950464104001077,4.614336150382297e-05
7018,14,51539607554.0,"AT&T Services, Inc.",2.8121428327518223e-05,0.004112835751554748
7470,1,1.0,TRUE INTERNET CORPORATION CO. LTD.,2.0086734519655874e-06,7.979951626999824e-14
7539,11,11.0,National Applied Research Laboratories,2.2095407971621463e-05,8.777946789699807e-13
7545,15,240.0,TPG Internet Pty Ltd,3.0130101779483812e-05,1.9151883904799578e-11
7679,18,228.0,"QTnet,Inc.",3.6156122135380576e-05,1.81942897095596e-11
7693,1,1.0,KSC Commercial Internet Co.Ltd.,2.0086734519655874e-06,7.979951626999824e-14
7713,103,3238.0,Telekomunikasi Indonesia (PT),0.0002068933655524555,2.583908336822543e-10
7922,210,704.0,"Comcast Cable Communications, LLC",0.0004218214249127734,5.617885945407876e-11
8047,2,2.0,"GENERAL COMMUNICATION, INC.",4.017346903931175e-06,1.595990325399965e-13
8100,109,16384.0,QuadraNet Enterprises LLC,0.00021894540626424903,1.3074352745676512e-09
8283,1,65536.0,Netwerkvereniging Coloclue,2.0086734519655874e-06,5.229741098270605e-09
8342,10,1.3877787807814457e-16,JSC RTComm.RU,2.0086734519655874e-05,1.107440753961273e-29
8422,65,3.0000000000000036,NetCologne Gesellschaft fur Telekommunikation mbH,0.00013056377437776318,2.39398548809995e-13
8447,3,3.0,A1 Telekom Austria AG,6.026020355896762e-06,2.393985488099947e-13
8473,1,1.0,Bahnhof AB,2.0086734519655874e-06,7.979951626999824e-14
8560,3,4.163336342344337e-17,IONOS SE,6.026020355896762e-06,3.322322261883819e-30
8657,13,13.0,MEO - SERVICOS DE COMUNICACOES E MULTIMEDIA S.A.,2.6112754875552637e-05,1.037393711509977e-12
8697,13,208.0,Jordan Telecommunications PSC,2.6112754875552637e-05,1.6598299384159634e-11
8767,5,5.0,M-net Telekommunikations GmbH,1.0043367259827937e-05,3.989975813499912e-13
8772,2,2097152.0,NetAssist LLC,4.017346903931175e-06,1.6735171514465936e-07
8781,14,224.0,Ooredoo Q.S.C.,2.8121428327518223e-05,1.7875091644479606e-11
8888,1,1.3877787807814457e-17,xTom Pty Ltd,2.0086734519655874e-06,1.107440753961273e-30
8896,1,1.0,XFIBER AS,2.0086734519655874e-06,7.979951626999824e-14
8943,1,3.552713678800501e-15,Jump Networks Ltd,2.0086734519655874e-06,2.835048330140859e-28
8966,1,256.0,EMIRATES TELECOMMUNICATIONS GROUP COMPANY (ETISALAT GROUP) PJSC,2.0086734519655874e-06,2.042867616511955e-11
9002,148,478.0,RETN Limited,0.0002972836708909069,3.814416877705916e-11
9009,1178,73026740727.51172,M247 Europe SRL,0.002366217326415462,0.005827498584830015
9044,1,1.0,BSE Software GmbH,2.0086734519655874e-06,7.979951626999824e-14
9121,7,1537.0,Turk Telekomunikasyon Anonim Sirketi,1.4060714163759111e-05,1.226518565069873e-10
9299,1,1.3877787807814457e-17,Philippine Long Distance Telephone Co.,2.0086734519655874e-06,1.107440753961273e-30
9312,1,1.3877787807814457e-17,xTom Hong Kong Limited,2.0086734519655874e-06,1.107440753961273e-30
9354,2,2.0,COMMUNITY NETWORK CENTER INCORPORATED.,4.017346903931175e-06,1.595990325399965e-13
9365,1,1.3877787807814457e-17,its communications Inc.,2.0086734519655874e-06,1.107440753961273e-30
9381,20,200.0,HKBN Enterprise Solutions HK Limited,4.017346903931175e-05,1.5959903253999647e-11
9443,21,21.0,VOCUS PTY LTD,4.218214249127733e-05,1.675789841669963e-12
9498,45,4320.0,Bharti Airtel Limited,9.039030533845143e-05,3.447339102863924e-10
9500,315,645.87890625,One New Zealand Group Limited,0.00063273213736916,5.1540824287745544e-11
9534,79,514.0,Maxis Broadband Sdn Bhd,0.0001586852027052814,4.10169513627791e-11
9605,97,922.0,"NTT DOCOMO, INC.",0.00019484132484066198,7.357515400093838e-11
9735,1,268435456.0,Hong Kong Domain Name Registration Company Limited,2.0086734519655874e-06,2.1421019538516398e-05
9806,8,8.0,"Beijing Educational Information Network Service Center Co., Ltd",1.60693876157247e-05,6.38396130159986e-13
9808,17,19.375,China Mobile,3.414744868341498e-05,1.5461156277312159e-12
9824,45,510.0,"JCOM Co., Ltd.",9.039030533845143e-05,4.0697753297699104e-11
9829,67,652.0,Bharat Sanchar Nigam Ltd,0.00013458112128169437,5.202928460803885e-11
9902,1,65536.0,NeocomISP Limited,2.0086734519655874e-06,5.229741098270605e-09
9924,51,411.0,"Taiwan Fixed Network, Telco and Network Service Provider.",0.00010244234605024496,3.279760118696928e-11
9929,2,2.7755575615628914e-17,CHINA UNICOM Industrial Internet Backbone,4.017346903931175e-06,2.214881507922546e-30
9930,11,9.853229343548264e-16,TT DOTCOM SDN BHD,2.2095407971621463e-05,7.862829353125039e-29
10013,1,1.3877787807814457e-17,"FreeBit Co.,Ltd.",2.0086734519655874e-06,1.107440753961273e-30
10474,10,10.0,Dimension Data,2.0086734519655874e-05,7.979951626999824e-13
10881,284,284.0,FUNPAR - Fundacao da UFPR para o DCTC,0.0005704632603582268,2.2663062620679502e-11
11019,168,33.0,"HAProxy Technologies, Inc.",0.00033745713993021866,2.633384036909942e-12
11250,1,16777216.0,Tri-State Generation and Transmission Association Inc.,2.0086734519655874e-06,1.3388137211572749e-06
11426,2,2.7755575615628914e-17,Charter Communications Inc,4.017346903931175e-06,2.214881507922546e-30
11878,2,8192.0,"tzulo, inc.",4.017346903931175e-06,6.537176372838256e-10
11990,2,8192.0,"Unlimited Net, LLC",4.017346903931175e-06,6.537176372838256e-10
12025,1,65536.0,Iron Mountain Data Center,2.0086734519655874e-06,5.229741098270605e-09
12167,3,12288.0,LightWave Networks,6.026020355896762e-06,9.805764559257383e-10
12306,4,5.551115123125783e-17,Plus.line AG,8.03469380786235e-06,4.429763015845092e-30
12322,5,5.0,Free SAS,1.0043367259827937e-05,3.989975813499912e-13
12337,15,15.0,noris network AG,3.0130101779483812e-05,1.1969927440499736e-12
12360,4,8.881784197001252e-16,KEVAG Telekom GmbH,8.03469380786235e-06,7.087620825352147e-29
12668,2,2.0,"LLC ""KomTehCentr""",4.017346903931175e-06,1.595990325399965e-13
12843,1,65536.0,TelemaxX Telekommunikation GmbH,2.0086734519655874e-06,5.229741098270605e-09
12847,3,3.0,Latvijas Mobilais Telefons SIA,6.026020355896762e-06,2.393985488099947e-13
12849,5,65.0,Hot-Net internet services Ltd.,1.0043367259827937e-05,5.186968557549886e-12
12859,2,2.7755575615628914e-17,BIT BV,4.017346903931175e-06,2.214881507922546e-30
12874,1,256.0,Fastweb SpA,2.0086734519655874e-06,2.042867616511955e-11
12876,7,196612.0,SCALEWAY S.A.S.,1.4060714163759111e-05,1.5689542492876895e-08
13030,4,5.551115123125783e-17,Init7 (Switzerland) Ltd.,8.03469380786235e-06,4.429763015845092e-30
13037,1,1.0,Zen Internet Ltd,2.0086734519655874e-06,7.979951626999824e-14
13097,1,1.0,Axera SpA,2.0086734519655874e-06,7.979951626999824e-14
13189,1,65536.0,Liden Data Internetwork AB,2.0086734519655874e-06,5.229741098270605e-09
13213,57,356352.0,UK-2 Limited,0.00011449438676203848,2.8436717221846413e-08
13285,1,1.3877787807814457e-17,TalkTalk Communications Limited,2.0086734519655874e-06,1.107440753961273e-30
13335,98643,4297394825.119623,"Cloudflare, Inc.",0.19814157532224144,0.0003429300282657396
13999,16,1.0547118733938987e-15,"Mega Cable, S.A. de C.V.",3.21387752314494e-05,8.416549730105674e-29
14080,1,256.0,Telmex Colombia S.A.,2.0086734519655874e-06,2.042867616511955e-11
14153,1,65536.0,Edgecast Inc.,2.0086734519655874e-06,5.229741098270605e-09
14315,1,1.0,"1GSERVERS, LLC",2.0086734519655874e-06,7.979951626999824e-14
14340,1,1.3877787807814457e-17,"Salesforce.com, Inc.",2.0086734519655874e-06,1.107440753961273e-30
14401,1,4294967296.0,"SolidNetwork Technologies, Inc.",2.0086734519655874e-06,0.00034273631261626236
14522,22,202.0,Satnet,4.4190815943242925e-05,1.6119502286539644e-11
14576,1,1.0,Hosting Solution Ltd.,2.0086734519655874e-06,7.979951626999824e-14
15108,1,1.3877787807814457e-17,Allo Communications LLC,2.0086734519655874e-06,1.107440753961273e-30
15130,3,4.163336342344337e-17,United States Department of Justice,6.026020355896762e-06,3.322322261883819e-30
15133,87,5636097.0,Edgecast Inc.,0.0001747545903210061,4.497578142507883e-07
15169,1362,1842.0,Google LLC,0.00273581324157713,1.4699070896933677e-10
15296,1,1.0,Cybera Inc,2.0086734519655874e-06,7.979951626999824e-14
15557,5,5.0,Societe Francaise Du Radiotelephone - SFR SA,1.0043367259827937e-05,3.989975813499912e-13
15600,6,4.996003610813204e-16,Quickline AG,1.2052040711793524e-05,3.986786714260583e-29
15725,2,2.0,IKS Service GmbH,4.017346903931175e-06,1.595990325399965e-13
15802,1,1.0,Emirates Integrated Telecommunications Company PJSC,2.0086734519655874e-06,7.979951626999824e-14
15817,2,7.105427357601002e-15,"Robert Meyer trading as ""Mittwald CM Service GmbH & Co. KG""",4.017346903931175e-06,5.670096660281718e-28
15924,1,68719476736.0,Vodafone Net Iletisim Hizmetler AS,2.0086734519655874e-06,0.005483781001860198
15943,312,1.0783041126671833e-14,wilhelm.tel GmbH,0.0006267061170132633,8.60481465827909e-28
15967,2,65536.00000000023,Nazwa.pl Sp.z.o.o.,4.017346903931175e-06,5.229741098270623e-09
16086,1,1.0,DNA Oyj,2.0086734519655874e-06,7.979951626999824e-14
16150,1,65536.0,Availo Networks AB,2.0086734519655874e-06,5.229741098270605e-09
16236,1,1.0,PSA AUTOMOBILES SA,2.0086734519655874e-06,7.979951626999824e-14
16276,14,10.0,OVH SAS,2.8121428327518223e-05,7.979951626999824e-13
16345,1,1.0,"PJSC ""Vimpelcom""",2.0086734519655874e-06,7.979951626999824e-14
16509,96656,158077149.82108128,"Amazon.com, Inc.",0.1941503411731858,1.2614480089062326e-05
16625,602,512.0,"Akamai Technologies, Inc.",0.0012092214180832836,4.08573523302391e-11
16724,11,52822016.0,WideOpenWest Finance LLC,2.2095407971621463e-05,4.215171325206108e-06
16735,2,2.0,ALGAR TELECOM S/A,4.017346903931175e-06,1.595990325399965e-13
17185,61,256.0,Data102,0.00012252908056990084,2.042867616511955e-11
17378,7,9.71445146547012e-17,"TierPoint, LLC",1.4060714163759111e-05,7.752085277728911e-30
17421,1,1.0,"Data Communication Business Group,",2.0086734519655874e-06,7.979951626999824e-14
17428,3,4.163336342344337e-17,21vianet(China) Inc.,6.026020355896762e-06,3.322322261883819e-30
17451,1,2.220446049250313e-16,BIZNET ISP,2.0086734519655874e-06,1.7719052063380368e-29
17501,19,214.0,WorldLink Communications,3.816479558734616e-05,1.7077096481779623e-11
17511,1,256.0,OPTAGE Inc.,2.0086734519655874e-06,2.042867616511955e-11
17623,2,2.0,China Unicom,4.017346903931175e-06,1.595990325399965e-13
17639,31,256.0,ComClark Network & Technology Corp,6.22688770109332e-05,2.042867616511955e-11
17816,2,2.0,China Unicom,4.017346903931175e-06,1.595990325399965e-13
18001,3,3.0,Dialog Axiata Plc,6.026020355896762e-06,2.393985488099947e-13
18123,1,1.0,INAOKI EDUCATIONAL INSTITUTION,2.0086734519655874e-06,7.979951626999824e-14
18200,1,1.0,Office des Postes et des Telecomm. de Nouvelle Caledonie,2.0086734519655874e-06,7.979951626999824e-14
18779,9,618475290624.0,EGIHosting,1.8078061067690288e-05,0.04935402901674178
19429,44,44.0,ETB - Colombia,8.838163188648585e-05,3.5111787158799226e-12
19530,1,1.0,"State of North Dakota, ITD",2.0086734519655874e-06,7.979951626999824e-14
19551,164269,16873522.521688025,Incapsula Inc,0.3299627792809351,1.3464989350016255e-06
19969,2,131072.0,"Joe's Datacenter, LLC",4.017346903931175e-06,1.045948219654121e-08
20253,10,589825.0,Qwilt Inc.,2.0086734519655874e-05,4.706774968395171e-08
20381,1,1.0,"Cable Television Laboratories, Inc.",2.0086734519655874e-06,7.979951626999824e-14
20446,12,786432.0,"StackPath, LLC.",2.4104081423587048e-05,6.275689317924725e-08
20473,1528,210453660800.23267,"The Constant Company, LLC",0.0030692530346034174,0.016794100329108858
20712,1,1.0,Andrews & Arnold Ltd,2.0086734519655874e-06,7.979951626999824e-14
20853,4,8.881784197001252e-16,eTOP sp. z o.o.,8.03469380786235e-06,7.087620825352147e-29
20940,36290,35446658.3739771,Akamai International B.V.,0.07289475957183117,2.8286261916312553e-06
21100,3,2.0,ITL LLC,6.026020355896762e-06,1.595990325399965e-13
21342,10,5.551115123125783e-16,Akamai International B.V.,2.0086734519655874e-05,4.429763015845092e-29
21556,1,65536.0,NASA Ames Research Center,2.0086734519655874e-06,5.229741098270605e-09
21575,1,1.0,ENTEL PERU S.A.,2.0086734519655874e-06,7.979951626999824e-14
21738,2,269484032.0,Rozint Ltd Co,4.017346903931175e-06,2.1504695396088727e-05
21859,2,4096.0625,Zenlayer Inc,4.017346903931175e-06,3.2686380611167965e-10
22439,116,1174405121.0,"Perfect International, Inc",0.00023300612042800813,9.371696056080876e-05
22697,5,6.938893903907228e-17,Roblox,1.0043367259827937e-05,5.537203769806365e-30
22773,41,4294967336.0,Cox Communications Inc.,8.235561153058909e-05,0.000342736315808243
22822,13,1.8041124150158794e-16,"Limelight Networks, Inc.",2.6112754875552637e-05,1.4396729801496548e-29
22995,28,28.0,Xplornet Communications Inc.,5.6242856655036446e-05,2.2343864555599507e-12
23145,1,65536.0,IBM,2.0086734519655874e-06,5.229741098270605e-09
23693,10,265.0,PT. Telekomunikasi Selular,2.0086734519655874e-05,2.1146871811549535e-11
23724,2,2.7755575615628914e-17,"IDC, China Telecommunications Corporation",4.017346903931175e-06,2.214881507922546e-30
23884,1,1.3877787807814457e-17,Proen Corp Public Company Limited,2.0086734519655874e-06,1.107440753961273e-30
24203,114,1074.0,PT XL Axiata Tbk,0.00022898877352407697,8.570468047397811e-11
24309,17,212.0,"Atria Convergence Technologies Pvt. Ltd.,",3.414744868341498e-05,1.6917497449239627e-11
24356,1,1.0,CERNET2 IX at Chongqing University,2.0086734519655874e-06,7.979951626999824e-14
24357,2,9.09508579560736e-13,CERNET2 IX at South China University of Technology,4.017346903931175e-06,7.257834469235994e-26
24360,1,65536.0,CERNET2 IX at Zhengzhou University,2.0086734519655874e-06,5.229741098270605e-09
24364,1,4294967296.0,CERNET2 IX at Shanghai Jiaotong University,2.0086734519655874e-06,0.00034273631261626236
24400,1,1.3877787807814457e-17,China Mobile,2.0086734519655874e-06,1.107440753961273e-30
24444,1,0.0625,China Mobile,2.0086734519655874e-06,4.98746976687489e-15
24547,63,392.0625,China Mobile,0.000126546427473832,3.128639784760619e-11
24560,1,1.0,Bharti Airtel Limited,2.0086734519655874e-06,7.979951626999824e-14
24921,4,67108864.0,Latvijas Mobilais Telefons SIA,8.03469380786235e-06,5.3552548846290994e-06
24961,1,1.0,myLoc managed IT AG,2.0086734519655874e-06,7.979951626999824e-14
25019,20,740.0,Saudi Telecom Company JSC,4.017346903931175e-05,5.905164203979869e-11
25148,1,1.0,ORANGE BUSINESS SERVICES AS,2.0086734519655874e-06,7.979951626999824e-14
25198,2,2.0,INTERKVM HOST SRL,4.017346903931175e-06,1.595990325399965e-13
25304,1,1.0,Universitatea TRANSILVANIA Brasov,2.0086734519655874e-06,7.979951626999824e-14
25369,1,1.0,Hydra Communications Ltd,2.0086734519655874e-06,7.979951626999824e-14
25454,1,1.3877787807814457e-17,ORANGE MOLDOVA S.A.,2.0086734519655874e-06,1.107440753961273e-30
25532,8,4.000000000931323,"LLC ""MASTERHOST""",1.60693876157247e-05,3.1919806515431205e-13
25795,1,1.0,"ARP NETWORKS, INC.",2.0086734519655874e-06,7.979951626999824e-14
25923,1127,131072.0,"ChoicePoint, Inc.",0.002263774980365217,1.045948219654121e-08
26527,1,4096.0,LightWave Networks,2.0086734519655874e-06,3.268588186419128e-10
27823,6,4.996003610813204e-16,Dattatec.com,1.2052040711793524e-05,3.986786714260583e-29
27845,1,1.0,Empresa de Recursos Tecnologicos S.A E.S.P,2.0086734519655874e-06,7.979951626999824e-14
27947,2,2.0,Telconet S.A,4.017346903931175e-06,1.595990325399965e-13
28075,5,6.938893903907228e-17,ARLINK S.A.,1.0043367259827937e-05,5.537203769806365e-30
28573,2354,42008576.0,Claro NXT Telecomunicacoes Ltda,0.0047284173059269925,3.3522640439914578e-06
28753,1,4294967296.0,Leaseweb Deutschland GmbH,2.0086734519655874e-06,0.00034273631261626236
28885,3,3.0,Oman Telecommunications Company (S.A.O.G),6.026020355896762e-06,2.393985488099947e-13
28890,1,1.0,INSYS LLC,2.0086734519655874e-06,7.979951626999824e-14
29014,4,17179869184.0,ScaleUp Technologies GmbH & Co. KG,8.03469380786235e-06,0.0013709452504650495
29066,1,1.0,Host Europe GmbH,2.0086734519655874e-06,7.979951626999824e-14
29075,2,2.7755575615628914e-17,IELO-LIAZO SERVICES SAS,4.017346903931175e-06,2.214881507922546e-30
29097,4,5.551115123125783e-17,Hostpoint AG,8.03469380786235e-06,4.429763015845092e-30
29182,6,12884901891.0,JSC IOT,1.2052040711793524e-05,0.0010282089380881855
29222,5,6.938893903907228e-17,Infomaniak Network SA,1.0043367259827937e-05,5.537203769806365e-30
29390,1,68719476736.0,Netassist Limited,2.0086734519655874e-06,0.005483781001860198
29413,22,7.216449660063518e-16,KOMRO Gesellschaft fuer Telekommunikation mit beschraenkter Haftung,4.4190815943242925e-05,5.758691920598619e-29
29551,1,1.3877787807814457e-17,Aixit GmbH,2.0086734519655874e-06,1.107440753961273e-30
29632,1,68719476736.0,Netassist Limited,2.0086734519655874e-06,0.005483781001860198
29670,12,12.0,Individual Network Berlin e.V.,2.4104081423587048e-05,9.575941952399788e-13
29695,1,1.0,Altibox AS,2.0086734519655874e-06,7.979951626999824e-14
29749,2,131072.0,"Sinewave, Inc.",4.017346903931175e-06,1.045948219654121e-08
29789,1,1.0,"Reflected Networks, Inc.",2.0086734519655874e-06,7.979951626999824e-14
29854,1,4294967296.0,"WestHost, Inc.",2.0086734519655874e-06,0.00034273631261626236
30036,1,1.0,Mediacom Communications Corp,2.0086734519655874e-06,7.979951626999824e-14
30081,1,4294967296.0,"CacheNetworks, Inc.",2.0086734519655874e-06,0.00034273631261626236
30447,4,4.0,Internet Names For Business Inc.,8.03469380786235e-06,3.19198065079993e-13
30517,1,65536.0,"Great Lakes Comnet, Inc.",2.0086734519655874e-06,5.229741098270605e-09
30633,976,91582041241.0,"Leaseweb USA, Inc.",0.0019604652891184134,0.007308202590050829
30721,8,2147483648.0,SatGate LLC,1.60693876157247e-05,0.00017136815630813118
30764,3,4.163336342344337e-17,PODA a.s.,6.026020355896762e-06,3.322322261883819e-30
30781,2,2.0,Free Pro SAS,4.017346903931175e-06,1.595990325399965e-13
30798,1,1.3877787807814457e-17,TNNet Oy,2.0086734519655874e-06,1.107440753961273e-30
30811,1,65536.0,Optimizely AB,2.0086734519655874e-06,5.229741098270605e-09
30860,1,65536.0,Virtual Systems LLC,2.0086734519655874e-06,5.229741098270605e-09
32024,1,4294967296.0,Blueficity,2.0086734519655874e-06,0.00034273631261626236
32931,1,1048576.0,Peaktera,2.0086734519655874e-06,8.367585757232968e-08
32934,9644,9840.656005859375,"Facebook, Inc.",0.019371646770756125,7.852795890470311e-10
33363,2,2.7755575615628914e-17,"Charter Communications, Inc",4.017346903931175e-06,2.214881507922546e-30
33387,18,1114113.0,"Nocix, LLC",3.6156122135380576e-05,8.890567847011655e-08
33438,31,4621.0,"StackPath, LLC.",6.22688770109332e-05,3.687535646836619e-10
33480,1,16777216.0,Web Werks,2.0086734519655874e-06,1.3388137211572749e-06
33760,14,131084.0,"Ashton Holmes, Sole Proprietorship",2.8121428327518223e-05,1.046043979073645e-08
33856,4,4.0,Turkiye Cumhuriyet Merkez Bankasi Anonim Sirketi,8.03469380786235e-06,3.19198065079993e-13
33905,8,134217728.0,Akamai International B.V.,1.60693876157247e-05,1.0710509769258199e-05
33915,3,3.0,Vodafone Libertel B.V.,6.026020355896762e-06,2.393985488099947e-13
34240,1,1.0,manitu GmbH,2.0086734519655874e-06,7.979951626999824e-14
34665,640,171798691840.0,Petersburg Internet Network ltd.,0.001285551009257976,0.013709452504650494
34762,243,258.0,Combell NV,0.0004881076488276377,2.0588275197659547e-11
34939,2,8589934592.0,"nextdns, Inc.",4.017346903931175e-06,0.0006854726252325247
34959,1,1.0,KVIKTEL LLC,2.0086734519655874e-06,7.979951626999824e-14
35470,2,2.7755575615628914e-17,Signet B.V.,4.017346903931175e-06,2.214881507922546e-30
35492,2,2.7755575615628914e-17,FunkFeuer Wien - Verein zur Foerderung freier Netze,4.017346903931175e-06,2.214881507922546e-30
35826,2,2.0,Netservers Limited,4.017346903931175e-06,1.595990325399965e-13
35929,1,1.0,Bend-La Pine Schools,2.0086734519655874e-06,7.979951626999824e-14
36183,1025,833018676.4648438,"Akamai Technologies, Inc.",0.002058890288264727,6.647448742576871e-05
36236,1,1.0,"NetActuate, Inc",2.0086734519655874e-06,7.979951626999824e-14
36351,2,2.0,SoftLayer Technologies Inc.,4.017346903931175e-06,1.595990325399965e-13
36359,1,65536.0,Worthington City Schools,2.0086734519655874e-06,5.229741098270605e-09
36492,1972,1380484672.0,Google LLC,0.003961104047276139,0.00011016200904374719
36791,1,16777216.0,Portland Internet Hosting LLC,2.0086734519655874e-06,1.3388137211572749e-06
36992,1,4294967296.0,ETISALAT MISR,2.0086734519655874e-06,0.00034273631261626236
37963,1,4294967296.0,"Alibaba (US) Technology Co., Ltd.",2.0086734519655874e-06,0.00034273631261626236
38008,2,131072.0,Aperture Science Limited,4.017346903931175e-06,1.045948219654121e-08
38040,1,256.0,Royal Thai Armed Force Headquarters,2.0086734519655874e-06,2.042867616511955e-11
38255,1,2.220446049250313e-16,China Education and Research Network (CERNET),2.0086734519655874e-06,1.7719052063380368e-29
38266,40,430.0,Vodafone Idea Ltd. (VIL),8.03469380786235e-05,3.431379199609924e-11
38365,1,2.3283064365386963e-10,"Beijing Baidu Netcom Science and Technology Co., Ltd.",2.0086734519655874e-06,1.8579772736411133e-23
38622,1,1.3877787807814457e-17,"Limelight Networks, Inc.",2.0086734519655874e-06,1.107440753961273e-30
38631,2,2.7755575615628914e-17,LINE Corporation,4.017346903931175e-06,2.214881507922546e-30
38732,2,33554432.0,CMC Telecom Infrastructure Company,4.017346903931175e-06,2.6776274423145497e-06
38794,1,1.0,Renaissance Phuket Resort & Spa,2.0086734519655874e-06,7.979951626999824e-14
39122,14,1.942890293094024e-16,Blacknight Internet Solutions Limited,2.8121428327518223e-05,1.5504170555457821e-29
39249,1,1.0,Netassist Limited,2.0086734519655874e-06,7.979951626999824e-14
39572,2,33554432.0,DataWeb Global Group B.V.,4.017346903931175e-06,2.6776274423145497e-06
40138,2,131072.0,"Mach Dilemma, LLC",4.017346903931175e-06,1.045948219654121e-08
40509,52,3407872.0,"Fly.io, Inc.",0.00010445101950221055,2.7194653711007144e-07
40630,6,6.0,"GridFury, LLC",1.2052040711793524e-05,4.787970976199894e-13
40676,18,8858841093.0,Psychz Networks,3.6156122135380576e-05,0.0007069312339341825
40994,1,1.0,Hohl IT e.U.,2.0086734519655874e-06,7.979951626999824e-14
41000,2,2.7755575615628914e-17,Freethought Internet Limited,4.017346903931175e-06,2.214881507922546e-30
41075,2,2.0,ATW Internet Kft.,4.017346903931175e-06,1.595990325399965e-13
41108,1,4294967296.0,First Root UG (haftungsbeschraenkt),2.0086734519655874e-06,0.00034273631261626236
41357,3,4.163336342344337e-17,34SP.com Limited,6.026020355896762e-06,3.322322261883819e-30
41378,92,4063232.0,Kirino LLC,0.00018479795758083404,3.242439480927775e-07
41405,1606,4294967296.0,Altinea SAS,0.003225929563856733,0.00034273631261626236
41717,9,32769.0,Telfly Technology Limited,1.8078061067690288e-05,2.6149503486515724e-09
41732,1,268435456.0,MIHAILA VALENTIN-EUGEN,2.0086734519655874e-06,2.1421019538516398e-05
42003,3,33554433.0,LIBANTELECOM,6.026020355896762e-06,2.6776275221140658e-06
42034,8,8.0,DN-Systems Enterprise Internet Solutions GmbH,1.60693876157247e-05,6.38396130159986e-13
42487,3,6.661338147750939e-16,Vialis SEM,6.026020355896762e-06,5.31571561901411e-29
42692,2,8589934592.0,Overweb Srl,4.017346903931175e-06,0.0006854726252325247
42772,1,1.3877787807814457e-17,Unitary enterprise A1,2.0086734519655874e-06,1.107440753961273e-30
42846,8,1.1102230246251565e-16,GNET Internet Telekomunikasyon A.S.,1.60693876157247e-05,8.859526031690184e-30
42925,167,167.0,Internet Rimon LTD,0.00033544846647825307,1.3326519217089706e-11
43260,5,1342177280.0,DGN TEKNOLOJI A.S.,1.0043367259827937e-05,0.00010710509769258198
43317,1,4294967296.0,SIA VEESP,2.0086734519655874e-06,0.00034273631261626236
43350,1,68719476736.0,NForce Entertainment B.V.,2.0086734519655874e-06,0.005483781001860198
43357,1,4294967296.0,Owl Limited,2.0086734519655874e-06,0.00034273631261626236
43614,1,3.552713678800501e-15,Economia a.s.,2.0086734519655874e-06,2.835048330140859e-28
43668,1,1.0,AS43668 LLC,2.0086734519655874e-06,7.979951626999824e-14
43766,1,256.0,Mobile Telecommunication Company Saudi Arabia Joint-Stock company,2.0086734519655874e-06,2.042867616511955e-11
44002,1,1.0,Sys-DataCom s.r.o.,2.0086734519655874e-06,7.979951626999824e-14
44066,6,8.326672684688674e-17,firstcolo GmbH,1.2052040711793524e-05,6.644644523767637e-30
44477,145,4378702345.0,STARK INDUSTRIES SOLUTIONS LTD,0.0002912576505350102,0.00034941832902130694
44812,34,141733920769.0,IP SERVER LLC,6.829489736682997e-05,0.011310298316416457
44901,1,1.0,Belcloud LTD,2.0086734519655874e-06,7.979951626999824e-14
44974,4,5.551115123125783e-17,RegioNet Schweinfurt GmbH,8.03469380786235e-06,4.429763015845092e-30
45027,4,68719673344.0,"LLC ""Internet Tehnologii""",8.03469380786235e-06,0.0054837966910834925
45090,2,2.0,Shenzhen Tencent Computer Systems Company Limited,4.017346903931175e-06,1.595990325399965e-13
45430,2,256.0,MAYBANK Data Center (Co-Location),4.017346903931175e-06,2.042867616511955e-11
45474,4,5.551115123125783e-17,NEXUSGUARD LIMITED,8.03469380786235e-06,4.429763015845092e-30
45609,177,169607172.0,Bharti Airtel Limited,0.000355535200997909,1.353457028152239e-05
45727,22,502.0,"Hutchison CP Telecommunications, PT",4.4190815943242925e-05,4.005935716753912e-11
45758,299,974.0,Triple T Broadband Public Company Limited,0.0006005933621377106,7.772472884697828e-11
45899,460,466090.0,Vietnam Posts and Telecommunications (VNPT),0.0009239897879041702,3.719375653828348e-08
46019,1,4294967296.0,Universitas Brawijaya,2.0086734519655874e-06,0.00034273631261626236
46562,56,655361.0,Performive LLC,0.00011248571331007289,5.229749078222232e-08
46841,2,131072.0,"Fork Networking, LLC",4.017346903931175e-06,1.045948219654121e-08
46887,2,131072.0,"Lightower Fiber Networks I, LLC",4.017346903931175e-06,1.045948219654121e-08
46997,3746,19259663.00439453,Black Mesa Corporation,0.00752449075106309,1.5369117912738645e-06
47237,1,68719476736.0,NUR Telecom LLC,2.0086734519655874e-06,0.005483781001860198
47381,1,1.52587890625e-05,DoclerWeb Informatikai Kft.,2.0086734519655874e-06,1.21764398605344e-18
47447,2,4294967297.0,23M GmbH,4.017346903931175e-06,0.00034273631269606187
47583,1291,1377481.0,Hostinger International Limited,0.0025931974264875733,1.0992231747111345e-07
47720,1,65536.0,CORK INTERNET EXCHANGE LIMITED,2.0086734519655874e-06,5.229741098270605e-09
47926,1,68719476736.0,DEMENIN B.V.,2.0086734519655874e-06,0.005483781001860198
47951,2,137438953472.0,Armeva Yazilim ve Danismanlik Anonim Sirketi,4.017346903931175e-06,0.010967562003720396
47952,1,4294967296.0,ICT BULUT BILISIM A.S.,2.0086734519655874e-06,0.00034273631261626236
47987,1,1.0,,2.0086734519655874e-06,7.979951626999824e-14
48108,10,42949672960.0,Sole trader Malkov Dmitrii Vladimirovich,2.0086734519655874e-05,0.0034273631261626234
48144,1,1.0,Network Technology Harald Firing Karlsen,2.0086734519655874e-06,7.979951626999824e-14
48254,1,4294967296.0,20i Limited,2.0086734519655874e-06,0.00034273631261626236
48261,16,68719476736.0,socialimprove LLC,3.21387752314494e-05,0.005483781001860198
48635,11,11.0,CLDIN B.V.,2.2095407971621463e-05,8.777946789699807e-13
48943,2,2.0,KAPPER NETWORK-COMMUNICATIONS GmbH,4.017346903931175e-06,1.595990325399965e-13
49392,2,8589934592.0,LLC Baxet,4.017346903931175e-06,0.0006854726252325247
49542,4,12884901889.0,ArtPlanet LLC,8.03469380786235e-06,0.0010282089379285867
49544,2,2.0,i3D.net B.V,4.017346903931175e-06,1.595990325399965e-13
49767,2,2.0,Nej.cz s.r.o.,4.017346903931175e-06,1.595990325399965e-13
49791,2,2.0,Newserverlife LLC,4.017346903931175e-06,1.595990325399965e-13
49981,4,4294967299.0,WorldStream B.V.,8.03469380786235e-06,0.0003427363128556609
50069,6,393216.0,"Misaka Network, Inc.",1.2052040711793524e-05,3.1378446589623626e-08
50113,4,4563533824.0,NTX Technologies s.r.o.,8.03469380786235e-06,0.0003641677916369753
50673,1,16777216.0,Serverius Holding B.V.,2.0086734519655874e-06,1.3388137211572749e-06
50867,4,4194304.0,HOSTKEY B.V.,8.03469380786235e-06,3.347034302893187e-07
50902,2,8589934592.0,DNS0.EU A.D.,4.017346903931175e-06,0.0006854726252325247
51088,9,4294967304.0,A2B IP B.V.,1.8078061067690288e-05,0.0003427363132546585
51115,1,65536.0,HLL LLC,2.0086734519655874e-06,5.229741098270605e-09
51164,1,1.0,Knowit Managed Services Oy,2.0086734519655874e-06,7.979951626999824e-14
51259,1,4294967296.0,Arcus Novus UAB,2.0086734519655874e-06,0.00034273631261626236
51430,7,327681.0,AltusHost B.V.,1.4060714163759111e-05,2.6148785290869293e-08
51468,32,32.0,One.com A/S,6.42775504628988e-05,2.553584520639944e-12
51560,1,68719476736.0,Greschitz Management GmbH,2.0086734519655874e-06,0.005483781001860198
51659,4,8589934592.0,LLC Baxet,8.03469380786235e-06,0.0006854726252325247
51837,6,25769803776.0,Netex Limited,1.2052040711793524e-05,0.002056417875697574
51847,1,1048576.0,Nearoute Limited,2.0086734519655874e-06,8.367585757232968e-08
51873,8,1.1102230246251565e-16,Arcade Solutions AG,1.60693876157247e-05,8.859526031690184e-30
52041,1,65536.0,"Scaleblade, Ltd.",2.0086734519655874e-06,5.229741098270605e-09
52910,1,268435456.0,A. Angeloni & Cia Ltda,2.0086734519655874e-06,2.1421019538516398e-05
53356,236,4327211021.0,Free Range Cloud Hosting Inc.,0.0004740469346638786,0.0003453093462740052
53667,317,38672728066.0,FranTech Solutions,0.0006367494842730912,0.0030860649925079846
54113,14,8592687104.0,"Fastly, Inc.",2.8121428327518223e-05,0.0006856922743586521
54218,1,16777216.0,,2.0086734519655874e-06,1.3388137211572749e-06
54455,1,1.3877787807814457e-17,MadeIT inc.,2.0086734519655874e-06,1.107440753961273e-30
55081,64,139264.0,24 SHELLS,0.0001285551009257976,1.1113199833825036e-08
55303,1514,1511.003921508789,"Eagle Sky Co., Lt",0.003041131606275899,1.2057738201847176e-10
55410,53,488.0,Vodafone Idea Ltd. (VIL),0.00010645969295417613,3.894216393975914e-11
55429,2,2.7755575615628914e-17,"Limelight Networks, Inc.",4.017346903931175e-06,2.214881507922546e-30
55430,1,1.3877787807814457e-17,Starhub Ltd.,2.0086734519655874e-06,1.107440753961273e-30
55644,62,422.0,Vodafone Idea Ltd. (VIL),0.0001245377540218664,3.3675395865939257e-11
55818,17,212.0,Corporate / Direct Member IDNIC,3.414744868341498e-05,1.6917497449239627e-11
55824,1,65536.0,National Knowledge Network,2.0086734519655874e-06,5.229741098270605e-09
55836,132,5096.0,Reliance Jio Infocomm Limited,0.00026514489565945755,4.0665833491191105e-10
55990,3,4.163336342344337e-17,Huawei,6.026020355896762e-06,3.322322261883819e-30
56030,1,1.0,Voyager Internet Ltd.,2.0086734519655874e-06,7.979951626999824e-14
56040,797,143.807861328125,China Mobile Communications Corporation,0.0016009127412165733,1.1475797769807363e-11
56041,4,5.551115123125783e-17,China Mobile Communications Corporation,8.03469380786235e-06,4.429763015845092e-30
56046,1542,117.84249973297119,China Mobile Communications Corporation,0.0030973744629309357,9.403774474738498e-12
56048,1,1.0,China Mobile Communications Corporation,2.0086734519655874e-06,7.979951626999824e-14
56434,1,4294967296.0,Modesco LLC,2.0086734519655874e-06,0.00034273631261626236
56534,2,8589934592.0,Comfortel Ltd.,4.017346903931175e-06,0.0006854726252325247
56630,4,196609.0,Melbikomas UAB,8.03469380786235e-06,1.5689303094328083e-08
56655,3,196608.0,TerraHost AS,6.026020355896762e-06,1.5689223294811813e-08
56694,5,12885032960.0,LLC Smart Ape,1.0043367259827937e-05,0.0010282193973309836
56758,4,262144.0,Cr0bar Limited,8.03469380786235e-06,2.091896439308242e-08
57043,17,137438953472.0,HOSTKEY B.V.,3.414744868341498e-05,0.010967562003720396
57907,1,68719476736.0,CloudConnX Limited,2.0086734519655874e-06,0.005483781001860198
58057,34,34.0,Securebit AG,6.829489736682997e-05,2.7131835531799404e-12
58061,2,8589934592.0,Scalaxy B.V.,4.017346903931175e-06,0.0006854726252325247
58339,1,65536.0,MARIA STYLE LTD,2.0086734519655874e-06,5.229741098270605e-09
58453,20,740.0,China Mobile International Limited,4.017346903931175e-05,5.905164203979869e-11
58466,1,1.3877787807814457e-17,CHINANET Guangdong province network,2.0086734519655874e-06,1.107440753961273e-30
58487,243,3.9968028886505635e-15,Rumahweb,0.0004881076488276377,3.1894293714084664e-28
58541,2,0.125,"Qingdao,266000",4.017346903931175e-06,9.97493953374978e-15
58542,933,195.38400745391846,"Tianjij,300000",0.001874092330683893,1.5591549281716424e-11
58777,1,3.552713678800501e-15,ChinaTelecom Cybersecurity Tech,2.0086734519655874e-06,2.835048330140859e-28
58810,165,165.0,"iZus Co., Ltd",0.00033143111957432194,1.316692018454971e-11
59437,1,1.3877787807814457e-17,Northern Data AG,2.0086734519655874e-06,1.107440753961273e-30
59448,1,1.0,"Andrews IT Engineering Mernoki, Informaciotechnikai es Szolgaltato Korlatolt Felelossegu Tarsasag",2.0086734519655874e-06,7.979951626999824e-14
59504,23,82409685008.0,LLC Vpsville,4.619948939520851e-05,0.0065762529996013265
59605,1,256.0,MENA LEVANT W.L.L,2.0086734519655874e-06,2.042867616511955e-11
59626,2,2.0,CONSCIA DANMARK A/S,4.017346903931175e-06,1.595990325399965e-13
59711,1,65536.0,HZ Hosting Ltd,2.0086734519655874e-06,5.229741098270605e-09
60032,4,4.0,Coriolis Telecom SAS,8.03469380786235e-06,3.19198065079993e-13
60068,211,1900546.0,Datacamp Limited,0.0004238300983647389,1.5166265144888009e-07
60294,193,2.0000000000000075,Deutsche Glasfaser Wholesale GmbH,0.00038767397622935836,1.595990325399971e-13
60389,2,8589934592.0,Manir LLC,4.017346903931175e-06,0.0006854726252325247
60539,6,393216.0,Huicast Telecom Limited,1.2052040711793524e-05,3.1378446589623626e-08
60703,1,4294967296.0,MULTIDIST SARL,2.0086734519655874e-06,0.00034273631261626236
60721,32,137438953472.0,Bursabil Teknoloji A.S.,6.42775504628988e-05,0.010967562003720396
60781,528,988111025073.0,LeaseWeb Netherlands B.V.,0.0010605795826378302,0.0788507818218775
60893,3,2.0,Art of Automation B.V.,6.026020355896762e-06,1.595990325399965e-13
60906,4,5.551115123125783e-17,Playdom B.V.,8.03469380786235e-06,4.429763015845092e-30
60939,1,68719476736.0,Fibrebay Network LLC,2.0086734519655874e-06,0.005483781001860198
61098,1,1.3877787807814457e-17,Akenes SA,2.0086734519655874e-06,1.107440753961273e-30
61112,2,16842752.0,AKILE LTD,4.017346903931175e-06,1.3440434622555455e-06
61138,2,33554432.0,Zappie Host LLC,4.017346903931175e-06,2.6776274423145497e-06
61178,1,4294967296.0,MRGROUP INVESTMENTS LIMITED,2.0086734519655874e-06,0.00034273631261626236
61317,11,141785563136.0,Hivelocity Inc,2.2095407971621463e-05,0.011314419352322094
61323,6,68719542276.0,ANS ACADEMY LIMITED,1.2052040711793524e-05,0.005483786231920494
61967,10,10.0,telematis Netzwerke GmbH,2.0086734519655874e-05,7.979951626999824e-13
62217,25,21477195790.0,Vinters IT Ltd,5.021683629913968e-05,0.0017138698348780428
62240,41,34402140160.0,Clouvider Limited,8.235561153058909e-05,0.00274527414342068
62282,3,12288.0,UAB Rakrejus,6.026020355896762e-06,9.805764559257383e-10
62571,282,65547.0,IMPERVA INC,0.0005664459134542957,5.230618892949575e-09
62874,4,2228224.0,Web2Objects LLC,8.03469380786235e-06,1.7781119734120057e-07
63023,3,3.0,GTHost,6.026020355896762e-06,2.393985488099947e-13
63213,1,65536.0,Astute Internet,2.0086734519655874e-06,5.229741098270605e-09
63410,52,7.216449660063518e-16,PrivateSystems Networks,0.00010445101950221055,5.758691920598619e-29
63473,1,1.0,"HostHatch, LLC",2.0086734519655874e-06,7.979951626999824e-14
63770,1,4294967296.0,Industrial Cyber Security Center of Excellence,2.0086734519655874e-06,0.00034273631261626236
63835,1,0.0625,Hengyang,2.0086734519655874e-06,4.98746976687489e-15
63838,1,1.3877787807814457e-17,Hengyang,2.0086734519655874e-06,1.107440753961273e-30
63949,181,2559.0,"Akamai Technologies, Inc.",0.0003635698948057713,2.042069621349255e-10
64080,1,4294967296.0,SYN LTD,2.0086734519655874e-06,0.00034273631261626236
64236,1,68719476736.0,"UnReal Servers, LLC",2.0086734519655874e-06,0.005483781001860198
64267,12,3221225472.0,Sprious LLC,2.4104081423587048e-05,0.00025705223446219675
131445,27,222.0,MAYBANK Data Center (Co-Location),5.423418320307086e-05,1.771549261193961e-11
131486,4,1.0000000000000004,"Beijing Jingdong 360 Degree E-commerce Co., Ltd.",8.03469380786235e-06,7.979951626999828e-14
131662,26069,130139.65505981445,Denpa Ltd.,0.0523641082192909,1.0385081521317622e-08
131910,1,4294967296.0,SORACOM. INC.,2.0086734519655874e-06,0.00034273631261626236
132879,1,1.0,Office of Info.Tech. Admin. for Educational Development,2.0086734519655874e-06,7.979951626999824e-14
133159,1,1.0,Mammoth Media Pty Ltd,2.0086734519655874e-06,7.979951626999824e-14
133296,1,16777216.0,Web Werks India Pvt. Ltd.,2.0086734519655874e-06,1.3388137211572749e-06
133375,1,4294967296.0,"CHUAN KAI INTERNATIONAL CO., LTD",2.0086734519655874e-06,0.00034273631261626236
133480,8,32768.0,Intergrid Group Pty Ltd,1.60693876157247e-05,2.6148705491353025e-09
133612,2,131072.0,Vodafone Australia Pty Ltd,4.017346903931175e-06,1.045948219654121e-08
133798,1,1.0,"PT. Smartfren Telecom, Tbk",2.0086734519655874e-06,7.979951626999824e-14
133944,1,68719476736.0,"trafficforce, UAB",2.0086734519655874e-06,0.005483781001860198
134094,2,8192.0,"SERVERFIELD CO., LTD.",4.017346903931175e-06,6.537176372838256e-10
134238,1,1.3877787807814457e-17,CHINANET Jiangx province IDC network,2.0086734519655874e-06,1.107440753961273e-30
134450,1,4294967296.0,HostRoyale Technologies Pvt Ltd,2.0086734519655874e-06,0.00034273631261626236
134756,1062,244.89634281396866,China Telecom,0.002133211205987454,1.954260969284636e-11
134762,1,1.3877787807814457e-17,CHINANET Liaoning province Dalian MAN network,2.0086734519655874e-06,1.107440753961273e-30
134768,1182,10.879549149423838,CHINANET SHAANXI province Cloud Base network,0.002374252020223324,8.68182759359693e-13
134771,1166,447.99702575802803,"WENZHOU, ZHEJIANG Province, P.R.China.",0.0023421132449918747,3.574994594588858e-11
134810,1,0.0625,China Mobile Communications Corporation,2.0086734519655874e-06,4.98746976687489e-15
135008,1,1.0,GOVERNMENT TECHNOLOGY AGENCY,2.0086734519655874e-06,7.979951626999824e-14
135605,1,4294967296.0,MOACK.Co.LTD,2.0086734519655874e-06,0.00034273631261626236
135905,1,256.0,VIETNAM POSTS AND TELECOMMUNICATIONS GROUP,2.0086734519655874e-06,2.042867616511955e-11
135934,2,2.0,ICT Center - Dong Thap Department of Information and Communications,4.017346903931175e-06,1.595990325399965e-13
135967,7,7.0,Bach Kim Network solutions Join stock company,1.4060714163759111e-05,5.585966138899877e-13
135981,77,6828326912.0,VisualViet Company Limited,0.00015466785580135024,0.0005448971845110109
136188,1,1.3877787807814457e-17,"NINGBO, ZHEJIANG Province, P.R.China.",2.0086734519655874e-06,1.107440753961273e-30
136620,3,2097153.0,VMHaus Limited,6.026020355896762e-06,1.6735179494417563e-07
136959,1,0.0625,China Unicom,2.0086734519655874e-06,4.98746976687489e-15
137443,1,1.3877787807814457e-17,Anchnet Asia Limited,2.0086734519655874e-06,1.107440753961273e-30
137670,1,1.0,Canara Bank,2.0086734519655874e-06,7.979951626999824e-14
137697,1,1.3877787807814457e-17,"CHINATELECOM JiangSu YangZhou IDC networkdescr: YangZhou , Jiangsu Province, P.R.China.",2.0086734519655874e-06,1.107440753961273e-30
137702,74,35.090087890625,China Telecom,0.00014864183544545346,2.800172039543598e-12
137753,1,1.3877787807814457e-17,Beijing Jingdong Shangke Information Technology Co. Ltd.,2.0086734519655874e-06,1.107440753961273e-30
138190,1,65536.0,GLOBAL-ICT HONGKONG CO.LIMITED,2.0086734519655874e-06,5.229741098270605e-09
138421,4,19.0,China Unicom,8.03469380786235e-06,1.5161908091299665e-12
138441,1,1.0,China Education and Research Network (CERNET),2.0086734519655874e-06,7.979951626999824e-14
138652,2,33554432.0,Super Godzilla Communications GK,4.017346903931175e-06,2.6776274423145497e-06
138915,1,1.3877787807814457e-17,Kaopu Cloud HK Limited,2.0086734519655874e-06,1.107440753961273e-30
138979,1,4294967296.0,"Guangzhou Shujie Suyuan Culture Communication Co., Ltd.",2.0086734519655874e-06,0.00034273631261626236
138997,5,131585.0,Eons Data Communications Limited,1.0043367259827937e-05,1.050041934838772e-08
139203,1,0.0625,China Telecom,2.0086734519655874e-06,4.98746976687489e-15
139791,158,34359738368.0,,0.0003173704054105628,0.002741890500930099
140061,1,256.0,China Telecom,2.0086734519655874e-06,2.042867616511955e-11
140345,1,65536.0,China Telecom,2.0086734519655874e-06,5.229741098270605e-09
140716,1,0.0625,China Unicom,2.0086734519655874e-06,4.98746976687489e-15
140810,247,1629356032.0,Megacore Technology Company Limited,0.0004961423426355001,0.00013002182318520378
140824,2,8192.0,VNIDC TECHNOLOGY COMPANY LIMITED,4.017346903931175e-06,6.537176372838256e-10
140903,1623,45.51911848783493,China Telecom,0.0032600770125401483,3.6324036363659615e-12
140938,1,268435456.0,mnihyc Network Global,2.0086734519655874e-06,2.1421019538516398e-05
141039,1,65536.0,TEFINCOM S.A.,2.0086734519655874e-06,5.229741098270605e-09
141173,1,16777216.0,SteveYi Experiment Network,2.0086734519655874e-06,1.3388137211572749e-06
141444,1,4294967296.0,Wicked Networks Limited,2.0086734519655874e-06,0.00034273631261626236
142055,1,256.0,Anillc Network,2.0086734519655874e-06,2.042867616511955e-11
147049,1,1.0,PacketHub S.A.,2.0086734519655874e-06,7.979951626999824e-14
147057,1,4294967296.0,DNT Solutions,2.0086734519655874e-06,0.00034273631261626236
149042,2,2.7755575615628914e-17,"SICLOUD INFORMATION TECHNOLOGY (HONGKONG) CO., LIMITED",4.017346903931175e-06,2.214881507922546e-30
149151,2,8192.0,VNSUN CLOUD COMPANY LIMITED,4.017346903931175e-06,6.537176372838256e-10
149428,1,4294967296.0,"Code200, UAB",2.0086734519655874e-06,0.00034273631261626236
149485,18,1179648.0,MonoCloud Pty Ltd,3.6156122135380576e-05,9.413533976887089e-08
149513,3,4.163336342344337e-17,"Shenzhen lesuyun Network Technology Co., Ltd",6.026020355896762e-06,3.322322261883819e-30
150347,1,4294967296.0,Planisware Singapore Pte. Ltd,2.0086734519655874e-06,0.00034273631261626236
150445,1,4294967296.0,Getechbrothers,2.0086734519655874e-06,0.00034273631261626236
150838,3,512.0000000000009,HA SON TECHNOLOGY ONE MEMBER LIMITED COMPANY,6.026020355896762e-06,4.085735233023917e-11
151338,4,34668544.0,POLONETWORK LIMITED,8.03469380786235e-06,2.76653304098515e-06
151407,1,16777216.0,Hytron Network Services Limited,2.0086734519655874e-06,1.3388137211572749e-06
151464,1,65536.0,"Shanghai Luogu Network Technology Co., Ltd.",2.0086734519655874e-06,5.229741098270605e-09
151814,8,34359738368.0,Baoshuo Network,1.60693876157247e-05,0.002741890500930099
196733,1,4294967296.0,Eskisehir Bilisim Iletisim San. ve Tic. A.S.,2.0086734519655874e-06,0.00034273631261626236
196968,1,4294967296.0,Ilm-Provider UG (haftungsbeschraenkt),2.0086734519655874e-06,0.00034273631261626236
197433,1,1.0,XuanMing Liu,2.0086734519655874e-06,7.979951626999824e-14
197598,2,2.0,Virtueon Solutions LLC,4.017346903931175e-06,1.595990325399965e-13
197606,2,131072.0,Ismael Munoz Hernandez,4.017346903931175e-06,1.045948219654121e-08
197619,8,34359738368.0,Telnab Networks LLC,1.60693876157247e-05,0.002741890500930099
197637,3,6.661338147750939e-16,ropa GmbH,6.026020355896762e-06,5.31571561901411e-29
197695,6,8.326672684688674e-17,"Domain names registrar REG.RU, Ltd",1.2052040711793524e-05,6.644644523767637e-30
197730,1,1.0,BWE CAPITAL LIMITED,2.0086734519655874e-06,7.979951626999824e-14
197919,2,2.0,Noah van der Aa,4.017346903931175e-06,1.595990325399965e-13
197992,47,214748430347.0,DEFSOLUTION LLC,9.440765224238261e-05,0.01713682086143201
198066,94,1.304512053934559e-15,"Grupo Loading Systems, S.L.",0.00018881530448476523,1.0409943087235965e-28
198068,6,8.326672684688674e-17,P.A.G.M. OU,1.2052040711793524e-05,6.644644523767637e-30
198231,9,103079215104.0,SIXNET OPERATION LTD,1.8078061067690288e-05,0.008225671502790296
198412,2,8589934592.0,Rage4 Networks Limited,4.017346903931175e-06,0.0006854726252325247
198571,11,47244640256.0,3xK Tech GmbH,2.2095407971621463e-05,0.003770099438778886
198644,1,1.3877787807814457e-17,"NET42, svetovanje in razvoj internetnih resitev, d.o.o.",2.0086734519655874e-06,1.107440753961273e-30
198967,3,3.0,BITel Gesellschaft fuer Telekommunikation mbH,6.026020355896762e-06,2.393985488099947e-13
199186,2,33554432.0,KIRILL ZINOV,4.017346903931175e-06,2.6776274423145497e-06
199244,1,1.0,InterXion Hrvatska d.o.o.,2.0086734519655874e-06,7.979951626999824e-14
199467,1,1048576.0,Sigai Network LTD,2.0086734519655874e-06,8.367585757232968e-08
199614,1,68719476736.0,Fiberocity Ltd,2.0086734519655874e-06,0.005483781001860198
199752,1,1.3877787807814457e-17,Go-Trex Holding BV,2.0086734519655874e-06,1.107440753961273e-30
199925,19,34510733314.0,Phan Nhat Nghi,3.816479558734616e-05,0.0027539398245801133
199974,2,2097152.0,MD TECHNOLOGY LIMITED,4.017346903931175e-06,1.6735171514465936e-07
200021,1,65536.0,Tianhong Peng,2.0086734519655874e-06,5.229741098270605e-09
200081,1,4294967296.0,Netversor GmbH,2.0086734519655874e-06,0.00034273631261626236
200222,1,1.3877787807814457e-17,Sama Tech s.r.o.,2.0086734519655874e-06,1.107440753961273e-30
200241,1,1.0,OCEAN WAVES DATA LIMITED,2.0086734519655874e-06,7.979951626999824e-14
200351,2,2.0,Guanzhong Chen,4.017346903931175e-06,1.595990325399965e-13
200373,8,34359738368.0,3xK Tech GmbH,1.60693876157247e-05,0.002741890500930099
200393,1,65536.0,Klett IT GmbH,2.0086734519655874e-06,5.229741098270605e-09
200487,4,5.551115123125783e-17,OOO VPS,8.03469380786235e-06,4.429763015845092e-30
200738,1,1.3877787807814457e-17,FIBRAWORLD TELECOM S.A.U.,2.0086734519655874e-06,1.107440753961273e-30
200827,2,65537.0,vv Network Inc,4.017346903931175e-06,5.2298208977868745e-09
200866,12,786432.0,John Mark Gabriel Caguicla,2.4104081423587048e-05,6.275689317924725e-08
201017,1,2.3283064365386963e-10,Achmea Interne Diensten N.V.,2.0086734519655874e-06,1.8579772736411133e-23
201029,1,65536.0,Redge Technologies sp. z o.o.,2.0086734519655874e-06,5.229741098270605e-09
201035,1,1.3877787807814457e-17,LueneCom Kommunikationsloesungen GmbH,2.0086734519655874e-06,1.107440753961273e-30
201178,4,537001984.0,Euronet Telekomunikasyon A.S.,8.03469380786235e-06,4.285249855922934e-05
201217,14,18612224.0,RADISHCLOUD TECHNOLOGY LLC,2.8121428327518223e-05,1.4852464719088518e-06
201341,1,68719476736.0,"trafficforce, UAB",2.0086734519655874e-06,0.005483781001860198
201572,2,131072.0,ECO-INITIATIVE LLC,4.017346903931175e-06,1.045948219654121e-08
201626,1,65536.0,Podillia-hotel PJSC,2.0086734519655874e-06,5.229741098270605e-09
201633,1,65536.0,Perfect Sense AB,2.0086734519655874e-06,5.229741098270605e-09
201836,1,65536.0,Garant-Plus-Inform LLC,2.0086734519655874e-06,5.229741098270605e-09
202044,5,12884901890.0,"Getechbrothers, MB",1.0043367259827937e-05,0.001028208938008386
202235,1,4294967296.0,UK On-line Agri-sales Limited,2.0086734519655874e-06,0.00034273631261626236
202505,8,8.0,NETBUDUR TELEKOMUNIKASYON LIMITED SIRKETI,1.60693876157247e-05,6.38396130159986e-13
202528,1,16777216.0,Lilith Network INC.,2.0086734519655874e-06,1.3388137211572749e-06
202662,1,1.0,Hytron Network Services Limited,2.0086734519655874e-06,7.979951626999824e-14
202911,2,17825792.0,PaoPaoYu Network LTD.,4.017346903931175e-06,1.4224895787296046e-06
203283,64,262144.0,HighEndNetwork LLC,0.0001285551009257976,2.091896439308242e-08
203380,1,1.0,DA International Group Ltd.,2.0086734519655874e-06,7.979951626999824e-14
203432,18,18.0,Association FAImaison,3.6156122135380576e-05,1.4363912928599684e-12
203961,1,1.3877787807814457e-17,CentralNic Ltd,2.0086734519655874e-06,1.107440753961273e-30
204055,1,1.3877787807814457e-17,CentralNic Ltd,2.0086734519655874e-06,1.107440753961273e-30
204490,6,17179869186.0,Kontel LLC,1.2052040711793524e-05,0.0013709452506246486
204679,1,1.0,NAUKOWA I AKADEMICKA SIEC KOMPUTEROWA - PANSTWOWY INSTYTUT BADAWCZY,2.0086734519655874e-06,7.979951626999824e-14
204779,15,15.0,Local Loop Oy,3.0130101779483812e-05,1.1969927440499736e-12
204916,18154,688087907577.8763,"RACKTECH CO., LTD.",0.036465457846983275,0.05490908217594979
204957,1,1.0,GREEN FLOID LLC,2.0086734519655874e-06,7.979951626999824e-14
205100,1,65536.0,F3 Netze e.V.,2.0086734519655874e-06,5.229741098270605e-09
205125,4,4.0,Network Management Ltd,8.03469380786235e-06,3.19198065079993e-13
205157,3,196608.0,Daniel Cid,6.026020355896762e-06,1.5689223294811813e-08
205212,10,2621440.0,LoudTronix Inc.,2.0086734519655874e-05,2.0918964393082418e-07
205227,42,85899345942.0,"IT business solutions, MB",8.436428498255467e-05,0.0068547262540808365
205544,1,4294967296.0,LEASEWEB UK LIMITED,2.0086734519655874e-06,0.00034273631261626236
205745,54,64424509479.0,CONTRUST SOLUTIONS S.R.L.,0.00010846836640614172,0.005141044692356117
205766,1,1.3877787807814457e-17,Jonas Pasche,2.0086734519655874e-06,1.107440753961273e-30
205807,11,11.0,Essener Systemhaus,2.2095407971621463e-05,8.777946789699807e-13
205848,1,4294967296.0,Dominik Pohl,2.0086734519655874e-06,0.00034273631261626236
205884,58,58.0,SC ITNS.NET SRL,0.00011650306021400406,4.628371943659898e-12
205987,1,16777216.0,Adrian Paschkowski,2.0086734519655874e-06,1.3388137211572749e-06
205989,1,65536.0,relaxt Webdienstleistungsagentur GmbH,2.0086734519655874e-06,5.229741098270605e-09
206067,1,16777216.0,Hutchison 3G UK Limited,2.0086734519655874e-06,1.3388137211572749e-06
206119,46,148981678081.0,Veganet Teknolojileri ve Hizmetleri LTD STI,9.239897879041702e-05,0.011888665843956401
206150,3,4294967298.0,IPXO LIMITED,6.026020355896762e-06,0.00034273631277586137
206843,2,131072.0,Jikai Ren,4.017346903931175e-06,1.045948219654121e-08
206981,1,1048576.0,Christopher Mountford,2.0086734519655874e-06,8.367585757232968e-08
207137,1,1.0,PacketHub S.A.,2.0086734519655874e-06,7.979951626999824e-14
207375,17,1.27675647831893e-15,Fiber Operator B.V.,3.414744868341498e-05,1.018845493644371e-28
207713,2,131072.0,GLOBAL INTERNET SOLUTIONS LLC,4.017346903931175e-06,1.045948219654121e-08
207990,4,17179869184.0,HostRoyale Technologies Pvt Ltd,8.03469380786235e-06,0.0013709452504650495
208058,130,130.0,InnoGames GmbH,0.00026112754875552637,1.0373937115099772e-11
208685,3,196608.0,Serverius Holding B.V.,6.026020355896762e-06,1.5689223294811813e-08
209114,1,1.0,Luiz Fernando Ribeiro Amaral,2.0086734519655874e-06,7.979951626999824e-14
209146,1,4294967296.0,hosTELyon SAS,2.0086734519655874e-06,0.00034273631261626236
209181,1,65536.0,Zenex 5ive Limited,2.0086734519655874e-06,5.229741098270605e-09
209242,15,17180590080.0,"Cloudflare London, LLC",3.0130101779483812e-05,0.0013710027776171305
209453,3,4.163336342344337e-17,GANDI SAS,6.026020355896762e-06,3.322322261883819e-30
209622,4,4.718447854656915e-16,uPress Inc,8.03469380786235e-06,3.7652985634683283e-29
209641,1,4294967296.0,I-SERVERS LTD,2.0086734519655874e-06,0.00034273631261626236
209828,273,91384451328.0,Genc BT Bilisim Teknolojileri Limited Sirketi,0.0005483678523866053,0.007292435010573598
209968,2,8589934592.0,Kew Solutions Unipessoal Lda,4.017346903931175e-06,0.0006854726252325247
210000,2,131072.0,DAOport Internet Infrastructure Holdings Limited,4.017346903931175e-06,1.045948219654121e-08
210079,6,6.0,EuroByte LLC,1.2052040711793524e-05,4.787970976199894e-13
210083,1,1.0,Privex Inc.,2.0086734519655874e-06,7.979951626999824e-14
210107,175,75161927680.0,PLUSWEB SUNUCU INTERNET HIZMETLERI TICARET LIMITED SIRKETI,0.0003515178540939778,0.0059978854707845915
210403,99,2.531308496145357e-14,Groupe LWS SARL,0.00019885867174459316,2.019971935225362e-27
210644,16,68719476736.0,AEZA INTERNATIONAL LTD,3.21387752314494e-05,0.005483781001860198
210842,98,5906628608.0,Rohmad Kumiadin,0.00019684999829262757,0.00047134610570493307
210937,1,65536.0,Xiufeng Guo,2.0086734519655874e-06,5.229741098270605e-09
211027,1,4294967296.0,Perfect Cloud Technologies LLC,2.0086734519655874e-06,0.00034273631261626236
211051,1,65536.0,Dazhong Technology Network Studio of Tieling County,2.0086734519655874e-06,5.229741098270605e-09
211298,31,31.0,Constantine Cybersecurity Ltd.,6.22688770109332e-05,2.4737850043699455e-12
211309,1,1.0,OBOS OPENNET AS,2.0086734519655874e-06,7.979951626999824e-14
211444,12,51539607552.0,Fatima Cuenca,2.4104081423587048e-05,0.004112835751395148
211759,510,613106.1291503906,Miku Network Technology Limited,0.0010244234605024495,4.892557252837224e-08
211786,1,1.3877787807814457e-17,KaasHosting B.V.,2.0086734519655874e-06,1.107440753961273e-30
212027,1,1.0,Daniel Jackson,2.0086734519655874e-06,7.979951626999824e-14
212144,21,17179869201.0,"trafficforce, UAB",4.218214249127733e-05,0.0013709452518216412
212165,18,68719476738.0,Alex Group LLC,3.6156122135380576e-05,0.005483781002019797
212238,78,85901312043.0,Datacamp Limited,0.00015667652925331583,0.006854883147989575
212786,11,12884901896.0,DIGITAL NETWORK S.R.L.,2.2095407971621463e-05,0.0010282089384871832
213081,2,2.7755575615628914e-17,ungleich glarus ag,4.017346903931175e-06,2.214881507922546e-30
213192,1,65536.0,NetBase BV,2.0086734519655874e-06,5.229741098270605e-09
213220,199,96636895234.0,Delta Ltd,0.0003997260169411519,0.007711577493507699
215280,1,16777216.0,,2.0086734519655874e-06,1.3388137211572749e-06
215467,1,65536.0,,2.0086734519655874e-06,5.229741098270605e-09
216089,1,1.0,,2.0086734519655874e-06,7.979951626999824e-14
216157,1,1.0,,2.0086734519655874e-06,7.979951626999824e-14
216349,40,40.0,"Getechbrothers, MB",8.03469380786235e-05,3.1919806507999296e-12
216435,35,423170.0,Plim Mobile Telecom LLC,7.030357081879556e-05,3.376876129997516e-08
216452,1,65536.0,Edvin Basil Samuval,2.0086734519655874e-06,5.229741098270605e-09
262287,489,139241.6953125,Latitude.sh LTDA,0.0009822413180111723,1.1111419930551981e-08
262459,3,6.661338147750939e-16,Osirnet Info Telecom Ltda.,6.026020355896762e-06,5.31571561901411e-29
263110,2,33554432.0,Louvetel Comunicao Comercial Ltda ME,4.017346903931175e-06,2.6776274423145497e-06
263348,1,1048576.0,DESEMPENHO PROVEDOR DE INTERNET,2.0086734519655874e-06,8.367585757232968e-08
264642,1,2.220446049250313e-16,TELESISTEMA S.R.L.,2.0086734519655874e-06,1.7719052063380368e-29
266732,1,4294967296.0,FIBERTEL PERU S.A.,2.0086734519655874e-06,0.00034273631261626236
266768,3,4.163336342344337e-17,ALKON SAS,6.026020355896762e-06,3.322322261883819e-30
268972,1,65536.0,ERBCOM TELECOMUNICACOES EIRELI - ME,2.0086734519655874e-06,5.229741098270605e-09
271991,1,4294967296.0,RODRIGUEZ PEDRO ALBERTO JUAN,2.0086734519655874e-06,0.00034273631261626236
394346,4,4.0,"KNIGHT POINT SYSTEMS, LLC",8.03469380786235e-06,3.19198065079993e-13
394923,1,4294967296.0,Artfiles LLC,2.0086734519655874e-06,0.00034273631261626236
395747,8,8.0,"Cloudflare, Inc.",1.60693876157247e-05,6.38396130159986e-13
395839,24,103079215104.0,HOSTKEY,4.8208162847174097e-05,0.008225671502790296
396113,1,4294967296.0,BAI Communications Inc.,2.0086734519655874e-06,0.00034273631261626236
396319,1,68719476736.0,Oxylabs,2.0086734519655874e-06,0.005483781001860198
396356,276,137440260096.0,Latitude.sh,0.0005543938727425021,0.010967666271683543
396362,1,4294967296.0,"Leaseweb USA, Inc.",2.0086734519655874e-06,0.00034273631261626236
396982,9,16909824.0,Google LLC,1.8078061067690288e-05,1.3493957754108067e-06
397031,55,2847250.0,"GALAXYGATE, LLC",0.00011047703985810731,2.272091726997525e-07
397165,62,4260607557632.0,EpicUp Holdings Inc,0.0001245377540218664,0.33999442211533226
397213,8,1.1102230246251565e-16,Neustar Security Services,1.60693876157247e-05,8.859526031690184e-30
397220,16,2.220446049250313e-16,Neustar Security Services,3.21387752314494e-05,1.7719052063380368e-29
397277,2,131072.0,NAU Country Insurance Company,4.017346903931175e-06,1.045948219654121e-08
397373,4,16384.0,H4Y Technologies LLC,8.03469380786235e-06,1.3074352745676512e-09
397423,1,1.0,Tier.Net Technologies LLC,2.0086734519655874e-06,7.979951626999824e-14
398565,1,1.0,Peter Jin Technologies LLC,2.0086734519655874e-06,7.979951626999824e-14
398668,1,1048576.0,Skydance Productions LLC,2.0086734519655874e-06,8.367585757232968e-08
398962,12,786432.0,CONTROLD INC.,2.4104081423587048e-05,6.275689317924725e-08
399358,1,65536.0,"Anthropic, PBC",2.0086734519655874e-06,5.229741098270605e-09
399558,1,268435456.0,Differ Communications Limited,2.0086734519655874e-06,2.1421019538516398e-05
400519,1,4294967296.0,Developed Methods LLC,2.0086734519655874e-06,0.00034273631261626236
400743,1,65536.0,Spaceship Landings LLC,2.0086734519655874e-06,5.229741098270605e-09
400797,1,65536.0,Ping Identity Corporation,2.0086734519655874e-06,5.229741098270605e-09
