as,as_alias_num,as_all_num,as_ratio,sta_as_alias_num,sta_as_all_num,sat_as_ratio,org_name
38,3,26105,0.00011492051331162612,0.0,82.328679,0.0,University of Illinois
174,8,31212,0.0002563116749967961,0.015656,3672.36292,4.263195207297213e-06,Cogent Communications
203,1,5107,0.00019580967299784609,1.5e-05,3590.034241,4.178233129002627e-09,"Level 3 Parent, LLC"
513,1,26105,3.830683777054204e-05,0.0,82.328679,0.0,CERN - European Organization for Nuclear Research
577,30,26105,0.0011492051331162612,8e-06,82.328679,9.717148504229007e-08,Bell Canada
680,2,26105,7.661367554108408e-05,0.0,82.328679,0.0,Verein zur Foerderung eines Deutschen Forschungsnetzes e.V.
701,1,26105,3.830683777054204e-05,0.0,82.328679,0.0,Verizon Business
812,40,26105,0.0015322735108216816,0.0,82.328679,0.0,Rogers Communications Canada Inc.
835,1,26105,3.830683777054204e-05,1.5e-05,82.328679,1.821965344542939e-07,GoCodeIT Inc
852,25,26105,0.000957670944263551,0.0,82.328679,0.0,TELUS Communications Inc.
906,1,26105,3.830683777054204e-05,0.0,82.328679,0.0,DMIT Cloud Services
924,2,5107,0.00039161934599569217,0.125,3590.034241,3.4818609408355225e-05,Cloudie Networks LLC
945,1,5107,0.00019580967299784609,1.0,3590.034241,0.0002785488752668418,hkgo LLC
949,7,5107,0.0013706677109849227,16.000092,3590.034241,0.0044568076307659925,xTom
1221,40,26105,0.0015322735108216816,0.0,82.328679,0.0,Telstra Corporation Limited
1239,2,5107,0.00039161934599569217,2.0,3590.034241,0.0005570977505336836,Sprint
1257,1,26105,3.830683777054204e-05,0.0,82.328679,0.0,Tele2 Sverige AB
1299,73,26105,0.002796399157249569,0.0,82.328679,0.0,Arelion Sweden AB
1547,9,26105,0.0003447615399348784,0.0,82.328679,0.0,"Societatea mixta pe actiuni de tip inchis ""Interdnestrcom"""
1659,10,26105,0.0003830683777054204,8e-06,82.328679,9.717148504229007e-08,National Chung Hsing University
1680,1,26105,3.830683777054204e-05,0.0,82.328679,0.0,Cellcom Fixed Line Communication L.P
1764,1,5107,0.00019580967299784609,1.0,3590.034241,0.0002785488752668418,Next Layer Telekommunikationsdienstleistungs- und Beratungs GmbH
1930,17,26105,0.0006512162420992147,0.0,82.328679,0.0,"Fundacao para a Ciencia e a Tecnologia, I.P."
1955,1,26105,3.830683777054204e-05,0.0,82.328679,0.0,KIFU (Governmental Info Tech Development Agency)
2027,1,5107,0.00019580967299784609,1.0,3590.034241,0.0002785488752668418,MilkyWan Association
2497,4,26105,0.00015322735108216817,0.0,82.328679,0.0,Internet Initiative Japan Inc.
2519,1,26105,3.830683777054204e-05,0.0,82.328679,0.0,ARTERIA Networks Corporation
2527,1,26105,3.830683777054204e-05,0.0,82.328679,0.0,Sony Network Communications Inc.
2860,11,26105,0.00042137521547596247,0.0,82.328679,0.0,"NOS COMUNICACOES, S.A."
3175,3,5107,0.0005874290189935383,3.0,3590.034241,0.0008356466258005253,Citytelecom LLC
3177,1,5107,0.00019580967299784609,16.0,3590.034241,0.004456782004269469,Visparad Web Hosting Service LLC
3214,3,26105,0.00011492051331162612,0.0,82.328679,0.0,xTom GmbH
3292,3,26105,0.00011492051331162612,0.0,82.328679,0.0,TDC Holding A/S
3303,15,26105,0.0005746025665581306,0.0,82.328679,0.0,Swisscom (Schweiz) AG
3320,11,31212,0.00035242855312059464,0.035156,3672.36292,9.57312791950312e-06,Deutsche Telekom AG
3339,1,5107,0.00019580967299784609,16.0,3590.034241,0.004456782004269469,FIBRAWORLD TELECOM S.A.U.
3352,1,5107,0.00019580967299784609,16.0,3590.034241,0.004456782004269469,TELEFONICA DE ESPANA S.A.U.
3356,4,5107,0.0007832386919913843,6.1e-05,3590.034241,1.699148139127735e-08,"Level 3 Parent, LLC"
3389,13,26105,0.0004979888910170466,0.0,82.328679,0.0,Ford Motor Company
3462,3,26105,0.00011492051331162612,0.0,82.328679,0.0,"Chunghwa Telecom Co., Ltd."
3549,1,5107,0.00019580967299784609,16.0,3590.034241,0.004456782004269469,"Level 3 Parent, LLC"
3741,9,26105,0.0003447615399348784,0.0,82.328679,0.0,Dimension Data
4134,13,26105,0.0004979888910170466,0.0,82.328679,0.0,"No.31,Jin-rong Street"
4230,1,26105,3.830683777054204e-05,0.0,82.328679,0.0,CLARO S.A.
4538,2,31212,6.407791874919902e-05,1.0,3672.36292,0.00027230424165158493,China Education and Research Network Center
4637,8,26105,0.00030645470216433634,0.0,82.328679,0.0,Telstra International Limited
4651,19,26105,0.0007278299176402987,0.0,82.328679,0.0,CAT Telecom Public Company Limited
4657,19,31212,0.0006087402281173907,0.0,3672.36292,0.0,Starhub Ltd.
4761,3,5107,0.0005874290189935383,0.0,3590.034241,0.0,PT. INDOSAT Tbk
4788,12,31212,0.00038446751249519417,0.0,3672.36292,0.0,TM TECHNOLOGY SERVICES SDN BHD
4808,1,26105,3.830683777054204e-05,0.0,82.328679,0.0,China Unicom
4811,2,26105,7.661367554108408e-05,0.0,82.328679,0.0,China Telecom (Group)
4812,1,26105,3.830683777054204e-05,0.0,82.328679,0.0,China Telecom (Group)
4835,2,26105,7.661367554108408e-05,0.0,82.328679,0.0,China Telecom (Group)
4837,40,26105,0.0015322735108216816,0.0,82.328679,0.0,CHINA UNICOM Industrial Internet Backbone
5400,1,5107,0.00019580967299784609,16.0,3590.034241,0.004456782004269469,British Telecommunications PLC
5410,59,26105,0.0022601034284619806,8e-06,82.328679,9.717148504229007e-08,Bouygues Telecom SA
5420,1,5107,0.00019580967299784609,1.0,3590.034241,0.0002785488752668418,Kemira Oyj
5432,31,26105,0.0011875119708868033,0.0,82.328679,0.0,Proximus NV
5606,30,26105,0.0011492051331162612,0.0,82.328679,0.0,GTS Telecom SRL
6233,3,26105,0.00011492051331162612,0.0,82.328679,0.0,xTom
6315,1,26105,3.830683777054204e-05,1.5e-05,82.328679,1.821965344542939e-07,"XMission, L.C."
6369,1,5107,0.00019580967299784609,1.5e-05,3590.034241,4.178233129002627e-09,Netrunner Inc
6663,1,5107,0.00019580967299784609,1.0,3590.034241,0.0002785488752668418,Euroweb Romania S.R.L.
6697,32,26105,0.0012258188086573453,0.0,82.328679,0.0,Republican Unitary Telecommunication Enterprise Beltelecom
6718,2,26105,7.661367554108408e-05,0.0,82.328679,0.0,NAV COMMUNICATIONS SRL
6724,1,26105,3.830683777054204e-05,0.0,82.328679,0.0,Strato AG
6762,60,31212,0.0019223375624759708,0.0,3672.36292,0.0,TELECOM ITALIA SPARKLE S.p.A.
6805,115,26105,0.004405286343612335,0.0,82.328679,0.0,Telefonica Germany GmbH & Co.OHG
6939,594,31212,0.01903114186851211,0.062532,3672.36292,1.7027728838956908e-05,Hurricane Electric LLC
7018,4,5107,0.0007832386919913843,4.0,3590.034241,0.0011141955010673672,"AT&T Services, Inc."
7679,15,26105,0.0005746025665581306,0.0,82.328679,0.0,"QTnet,Inc."
7922,45,26105,0.001723807699674392,0.0,82.328679,0.0,"Comcast Cable Communications, LLC"
7979,1,5107,0.00019580967299784609,1.0,3590.034241,0.0002785488752668418,"Servers.com, Inc."
8075,1,5107,0.00019580967299784609,1.5e-05,3590.034241,4.178233129002627e-09,Microsoft Corporation
8100,10,31212,0.0003203895937459951,0.003911,3672.36292,1.0649818890993487e-06,QuadraNet Enterprises LLC
8309,1,5107,0.00019580967299784609,16.0,3590.034241,0.004456782004269469,SIPARTECH SAS
8342,8,26105,0.00030645470216433634,0.0,82.328679,0.0,JSC RTComm.RU
8422,62,31212,0.00198641548122517,16.0,3672.36292,0.004356867866425359,NetCologne Gesellschaft fur Telekommunikation mbH
8511,1,5107,0.00019580967299784609,16.0,3590.034241,0.004456782004269469,ASIAINFO TE
8560,3,26105,0.00011492051331162612,0.0,82.328679,0.0,IONOS SE
8666,4,5107,0.0007832386919913843,6.1e-05,3590.034241,1.699148139127735e-08,FiberLink GmbH
8697,13,26105,0.0004979888910170466,0.0,82.328679,0.0,Jordan Telecommunications PSC
8769,1,5107,0.00019580967299784609,16.0,3590.034241,0.004456782004269469,IT-Total Sweden AB
8772,7,5107,0.0013706677109849227,0.067627,3590.034241,1.8837424787670713e-05,NetAssist LLC
8781,14,26105,0.0005362957287875885,0.0,82.328679,0.0,Ooredoo Q.S.C.
8888,1,26105,3.830683777054204e-05,0.0,82.328679,0.0,xTom Pty Ltd
8943,1,26105,3.830683777054204e-05,0.0,82.328679,0.0,Jump Networks Ltd
9002,58,26105,0.0022217965906914383,0.0,82.328679,0.0,RETN Limited
9009,146,31212,0.004677688068691529,0.0027779999999999997,3672.36292,7.564611833081028e-07,M247 Europe SRL
9121,4,31212,0.00012815583749839805,3.1e-05,3672.36292,8.441431491199132e-09,Turk Telekomunikasyon Anonim Sirketi
9299,1,26105,3.830683777054204e-05,0.0,82.328679,0.0,Philippine Long Distance Telephone Co.
9312,1,26105,3.830683777054204e-05,0.0,82.328679,0.0,xTom Hong Kong Limited
9354,2,26105,7.661367554108408e-05,0.0,82.328679,0.0,COMMUNITY NETWORK CENTER INCORPORATED.
9381,20,26105,0.0007661367554108408,0.0,82.328679,0.0,HKBN Enterprise Solutions HK Limited
9498,43,26105,0.0016471940241333078,1e-06,82.328679,1.2146435630286259e-08,Bharti Airtel Limited
9500,31,26105,0.0011875119708868033,0.0,82.328679,0.0,One New Zealand Group Limited
9534,14,26105,0.0005362957287875885,0.0,82.328679,0.0,Maxis Broadband Sdn Bhd
9605,1,26105,3.830683777054204e-05,0.0,82.328679,0.0,"NTT DOCOMO, INC."
9806,7,26105,0.0002681478643937943,0.0,82.328679,0.0,"Beijing Educational Information Network Service Center Co., Ltd"
9808,11,26105,0.00042137521547596247,0.0,82.328679,0.0,China Mobile
9824,1,26105,3.830683777054204e-05,0.0,82.328679,0.0,"JCOM Co., Ltd."
9829,40,26105,0.0015322735108216816,0.0,82.328679,0.0,Bharat Sanchar Nigam Ltd
9924,26,26105,0.0009959777820340932,0.0,82.328679,0.0,"Taiwan Fixed Network, Telco and Network Service Provider."
9929,1,26105,3.830683777054204e-05,0.0,82.328679,0.0,CHINA UNICOM Industrial Internet Backbone
10013,1,26105,3.830683777054204e-05,0.0,82.328679,0.0,"FreeBit Co.,Ltd."
10474,10,26105,0.0003830683777054204,0.0,82.328679,0.0,Dimension Data
11019,21,26105,0.0008044435931813829,0.0,82.328679,0.0,"HAProxy Technologies, Inc."
11426,2,26105,7.661367554108408e-05,0.0,82.328679,0.0,Charter Communications Inc
11878,1,26105,3.830683777054204e-05,1e-06,82.328679,1.2146435630286259e-08,"tzulo, inc."
11917,2,26105,7.661367554108408e-05,0.0,82.328679,0.0,WhatsApp
11990,2,26105,7.661367554108408e-05,2e-06,82.328679,2.4292871260572517e-08,"Unlimited Net, LLC"
12167,3,26105,0.00011492051331162612,3e-06,82.328679,3.6439306890858774e-08,LightWave Networks
12306,3,31212,9.611687812379854e-05,1.0,3672.36292,0.00027230424165158493,Plus.line AG
12360,4,26105,0.00015322735108216817,0.0,82.328679,0.0,KEVAG Telekom GmbH
12400,1,5107,0.00019580967299784609,16.0,3590.034241,0.004456782004269469,Partner Communications Ltd.
12552,1,5107,0.00019580967299784609,16.0,3590.034241,0.004456782004269469,GlobalConnect AB
12630,1,5107,0.00019580967299784609,1.0,3590.034241,0.0002785488752668418,Otaverkko Oy
12676,1,5107,0.00019580967299784609,0.003906,3590.034241,1.0880119067922841e-06,HKN GmbH
12731,1,5107,0.00019580967299784609,0.003906,3590.034241,1.0880119067922841e-06,IPHH Internet Port Hamburg GmbH
12849,5,26105,0.0001915341888527102,0.0,82.328679,0.0,Hot-Net internet services Ltd.
12859,2,31212,6.407791874919902e-05,1.5e-05,3672.36292,4.084563624773774e-09,BIT BV
12874,1,26105,3.830683777054204e-05,0.0,82.328679,0.0,Fastweb SpA
12876,5,26105,0.0001915341888527102,1.5e-05,82.328679,1.821965344542939e-07,SCALEWAY S.A.S.
13030,3,26105,0.00011492051331162612,0.0,82.328679,0.0,Init7 (Switzerland) Ltd.
13213,181,31212,0.005799051646802512,0.000202,3672.36292,5.500545681362015e-08,UK-2 Limited
13285,1,26105,3.830683777054204e-05,0.0,82.328679,0.0,TalkTalk Communications Limited
13335,1622,31212,0.05196719210560041,0.010086,3672.36292,2.7464605812978853e-06,"Cloudflare, Inc."
13999,8,26105,0.00030645470216433634,0.0,82.328679,0.0,"Mega Cable, S.A. de C.V."
14080,1,26105,3.830683777054204e-05,0.0,82.328679,0.0,Telmex Colombia S.A.
14153,3,5107,0.0005874290189935383,4.6e-05,3590.034241,1.2813248262274723e-08,Edgecast Inc.
14340,1,26105,3.830683777054204e-05,0.0,82.328679,0.0,"Salesforce.com, Inc."
14522,13,26105,0.0004979888910170466,0.0,82.328679,0.0,Satnet
14576,1,5107,0.00019580967299784609,16.0,3590.034241,0.004456782004269469,Hosting Solution Ltd.
15108,1,26105,3.830683777054204e-05,0.0,82.328679,0.0,Allo Communications LLC
15130,3,26105,0.00011492051331162612,0.0,82.328679,0.0,United States Department of Justice
15133,87,31212,0.0027873894655901575,0.001312,3672.36292,3.572631650468794e-07,Edgecast Inc.
15169,275,26105,0.01053438038689906,0.0,82.328679,0.0,Google LLC
15317,1,5107,0.00019580967299784609,1.0,3590.034241,0.0002785488752668418,Serverel Inc.
15600,6,26105,0.00022984102662325224,0.0,82.328679,0.0,Quickline AG
15703,1,5107,0.00019580967299784609,1.0,3590.034241,0.0002785488752668418,True B.V.
15802,1,26105,3.830683777054204e-05,0.0,82.328679,0.0,Emirates Integrated Telecommunications Company PJSC
15943,227,26105,0.008695652173913044,0.0,82.328679,0.0,wilhelm.tel GmbH
15967,2,31212,6.407791874919902e-05,1.5e-05,3672.36292,4.084563624773774e-09,Nazwa.pl Sp.z.o.o.
16276,6,26105,0.00022984102662325224,0.0,82.328679,0.0,OVH SAS
16345,1,26105,3.830683777054204e-05,0.0,82.328679,0.0,"PJSC ""Vimpelcom"""
16509,6062,31212,0.19422017172882225,17.020775,3672.36292,0.004634829228697256,"Amazon.com, Inc."
16625,24,31212,0.0007689350249903883,0.0,3672.36292,0.0,"Akamai Technologies, Inc."
16724,4,5107,0.0007832386919913843,0.00029,3590.034241,8.077917382738412e-08,WideOpenWest Finance LLC
17185,8,26105,0.00030645470216433634,0.0,82.328679,0.0,Data102
17378,1,26105,3.830683777054204e-05,0.0,82.328679,0.0,"TierPoint, LLC"
17428,3,26105,0.00011492051331162612,0.0,82.328679,0.0,21vianet(China) Inc.
17501,14,26105,0.0005362957287875885,0.0,82.328679,0.0,WorldLink Communications
17511,1,26105,3.830683777054204e-05,0.0,82.328679,0.0,OPTAGE Inc.
18001,3,26105,0.00011492051331162612,0.0,82.328679,0.0,Dialog Axiata Plc
18779,1,5107,0.00019580967299784609,16.0,3590.034241,0.004456782004269469,EGIHosting
19551,330,31212,0.01057285659361784,0.001892,3672.36292,5.151996252047987e-07,Incapsula Inc
19969,4,26105,0.00015322735108216817,1.5e-05,82.328679,1.821965344542939e-07,"Joe's Datacenter, LLC"
20253,13,5107,0.0025455257489719993,0.000198,3590.034241,5.515267730283467e-08,Qwilt Inc.
20446,13,5107,0.0025455257489719993,0.000198,3590.034241,5.515267730283467e-08,"StackPath, LLC."
20473,602,31212,0.019287453543508908,12.000076,3672.36292,0.0032676715949413846,"The Constant Company, LLC"
20546,1,5107,0.00019580967299784609,1.5e-05,3590.034241,4.178233129002627e-09,SOPRADO GmbH
20618,1,5107,0.00019580967299784609,1.0,3590.034241,0.0002785488752668418,Info-Connect A/S
20853,4,26105,0.00015322735108216817,0.0,82.328679,0.0,eTOP sp. z o.o.
20940,9363,31212,0.2999807766243752,0.000258,3672.36292,7.02544943461089e-08,Akamai International B.V.
20988,1,5107,0.00019580967299784609,16.0,3590.034241,0.004456782004269469,MTF Solutions AG
21100,2,26105,7.661367554108408e-05,0.0,82.328679,0.0,ITL LLC
21140,1,5107,0.00019580967299784609,16.0,3590.034241,0.004456782004269469,Fly Telecom LLC
21342,3,26105,0.00011492051331162612,0.0,82.328679,0.0,Akamai International B.V.
21378,1,5107,0.00019580967299784609,1.0,3590.034241,0.0002785488752668418,PJSC Rostelecom
21575,1,26105,3.830683777054204e-05,0.0,82.328679,0.0,ENTEL PERU S.A.
21859,2,26105,7.661367554108408e-05,1e-06,82.328679,1.2146435630286259e-08,Zenlayer Inc
22439,1,5107,0.00019580967299784609,0.000244,3590.034241,6.79659255651094e-08,"Perfect International, Inc"
22697,4,26105,0.00015322735108216817,0.0,82.328679,0.0,Roblox
22773,8,5107,0.0015664773839827687,98.0,3590.034241,0.027297789776150494,Cox Communications Inc.
22822,8,26105,0.00030645470216433634,0.0,82.328679,0.0,"Limelight Networks, Inc."
23145,1,5107,0.00019580967299784609,1.5e-05,3590.034241,4.178233129002627e-09,IBM
23344,1,5107,0.00019580967299784609,1.5e-05,3590.034241,4.178233129002627e-09,"Disney Worldwide Services, Inc."
23724,2,26105,7.661367554108408e-05,0.0,82.328679,0.0,"IDC, China Telecommunications Corporation"
23764,1,5107,0.00019580967299784609,1.5e-05,3590.034241,4.178233129002627e-09,China Telecom Global Limited
24203,93,26105,0.00356253591266041,0.0,82.328679,0.0,PT XL Axiata Tbk
24239,1,5107,0.00019580967299784609,1.5e-05,3590.034241,4.178233129002627e-09,TWD2 Education and Research Network
24309,14,26105,0.0005362957287875885,0.0,82.328679,0.0,"Atria Convergence Technologies Pvt. Ltd.,"
24357,2,26105,7.661367554108408e-05,0.0,82.328679,0.0,CERNET2 IX at South China University of Technology
24400,1,26105,3.830683777054204e-05,0.0,82.328679,0.0,China Mobile
24444,1,26105,3.830683777054204e-05,0.0,82.328679,0.0,China Mobile
24547,19,26105,0.0007278299176402987,0.0,82.328679,0.0,China Mobile
24940,2,5107,0.00039161934599569217,16.000015,3590.034241,0.004456786182502598,Hetzner Online GmbH
24961,1,26105,3.830683777054204e-05,0.0,82.328679,0.0,myLoc managed IT AG
24971,1,5107,0.00019580967299784609,1.0,3590.034241,0.0002785488752668418,Master Internet s.r.o.
25003,1,5107,0.00019580967299784609,16.0,3590.034241,0.004456782004269469,Internet Binat Ltd
25145,1,5107,0.00019580967299784609,1.0,3590.034241,0.0002785488752668418,TEKNOTEL TELEKOMUNIKASYON SANAYI VE TICARET A.S.
25148,1,26105,3.830683777054204e-05,0.0,82.328679,0.0,ORANGE BUSINESS SERVICES AS
25424,1,5107,0.00019580967299784609,16.0,3590.034241,0.004456782004269469,"InterneXt 2000, s.r.o."
25532,8,26105,0.00030645470216433634,0.0,82.328679,0.0,"LLC ""MASTERHOST"""
25923,14,31212,0.0004485454312443932,1.5e-05,3672.36292,4.084563624773774e-09,"ChoicePoint, Inc."
26527,1,26105,3.830683777054204e-05,1e-06,82.328679,1.2146435630286259e-08,LightWave Networks
27823,4,26105,0.00015322735108216817,0.0,82.328679,0.0,Dattatec.com
27947,2,26105,7.661367554108408e-05,0.0,82.328679,0.0,Telconet S.A
28075,1,26105,3.830683777054204e-05,0.0,82.328679,0.0,ARLINK S.A.
28573,167,31212,0.005350506215558119,0.003906,3672.36292,1.0636203678910907e-06,Claro NXT Telecomunicacoes Ltda
28753,1,5107,0.00019580967299784609,1.0,3590.034241,0.0002785488752668418,Leaseweb Deutschland GmbH
28890,1,26105,3.830683777054204e-05,0.0,82.328679,0.0,INSYS LLC
29014,4,26105,0.00015322735108216817,4.0,82.328679,0.04858574252114504,ScaleUp Technologies GmbH & Co. KG
29066,1,26105,3.830683777054204e-05,0.0,82.328679,0.0,Host Europe GmbH
29075,3,31212,9.611687812379854e-05,16.0,3672.36292,0.004356867866425359,IELO-LIAZO SERVICES SAS
29097,2,26105,7.661367554108408e-05,0.0,82.328679,0.0,Hostpoint AG
29182,13,31212,0.00041650647186979365,10.0,3672.36292,0.0027230424165158493,JSC IOT
29222,4,26105,0.00015322735108216817,0.0,82.328679,0.0,Infomaniak Network SA
29290,4,5107,0.0007832386919913843,6.1e-05,3590.034241,1.699148139127735e-08,CLDIN B.V.
29413,22,26105,0.0008427504309519249,0.0,82.328679,0.0,KOMRO Gesellschaft fuer Telekommunikation mit beschraenkter Haftung
29551,1,5107,0.00019580967299784609,1.0,3590.034241,0.0002785488752668418,Aixit GmbH
29789,1,26105,3.830683777054204e-05,0.0,82.328679,0.0,"Reflected Networks, Inc."
30081,1,5107,0.00019580967299784609,1.5e-05,3590.034241,4.178233129002627e-09,"CacheNetworks, Inc."
30633,76,31212,0.002434960912469563,13.000032,3672.36292,0.0035399638552063364,"Leaseweb USA, Inc."
30721,8,26105,0.00030645470216433634,0.5,82.328679,0.00607321781514313,SatGate LLC
30742,1,5107,0.00019580967299784609,1.0,3590.034241,0.0002785488752668418,Bremen Briteline GmbH
30764,1,26105,3.830683777054204e-05,0.0,82.328679,0.0,PODA a.s.
30781,2,26105,7.661367554108408e-05,0.0,82.328679,0.0,Free Pro SAS
30798,1,26105,3.830683777054204e-05,0.0,82.328679,0.0,TNNet Oy
30811,1,5107,0.00019580967299784609,1.5e-05,3590.034241,4.178233129002627e-09,Optimizely AB
30813,1,5107,0.00019580967299784609,16.0,3590.034241,0.004456782004269469,Fione Spolka z Ogranicznona Odpowiedzialnoscia Spolka Komandytowa
30860,1,26105,3.830683777054204e-05,1.5e-05,82.328679,1.821965344542939e-07,Virtual Systems LLC
30873,6,5107,0.0011748580379870766,6.0,3590.034241,0.0016712932516010507,Public Telecommunication Corporation
31543,1,5107,0.00019580967299784609,16.0,3590.034241,0.004456782004269469,myNet GmbH
32489,9,5107,0.0017622870569806149,24.0,3590.034241,0.006685173006404203,Amanah Tech Inc.
32931,1,5107,0.00019580967299784609,0.000244,3590.034241,6.79659255651094e-08,Peaktera
32934,1881,26105,0.07205516184638958,1e-06,82.328679,1.2146435630286259e-08,"Facebook, Inc."
33363,2,26105,7.661367554108408e-05,0.0,82.328679,0.0,"Charter Communications, Inc"
33387,11,26105,0.00042137521547596247,1.5e-05,82.328679,1.821965344542939e-07,"Nocix, LLC"
33438,19,26105,0.0007278299176402987,0.0,82.328679,0.0,"StackPath, LLC."
33480,1,5107,0.00019580967299784609,0.003906,3590.034241,1.0880119067922841e-06,Web Werks
33760,12,31212,0.00038446751249519417,3.1e-05,3672.36292,8.441431491199132e-09,"Ashton Holmes, Sole Proprietorship"
33905,10,5107,0.001958096729978461,0.039062,3590.034241,1.0880676165673373e-05,Akamai International B.V.
33932,1,5107,0.00019580967299784609,1.5e-05,3590.034241,4.178233129002627e-09,"Minorisa de Sistemas Informaticos y de Gestion, S.L."
34164,9,5107,0.0017622870569806149,0.000137,3590.034241,3.816119591155732e-08,Akamai International B.V.
34534,2,5107,0.00039161934599569217,16.000015,3590.034241,0.004456786182502598,Harmony Hosting SARL
34665,7,26105,0.0002681478643937943,0.0,82.328679,0.0,Petersburg Internet Network ltd.
34762,215,31212,0.006888376265538895,1.0,3672.36292,0.00027230424165158493,Combell NV
34775,3,5107,0.0005874290189935383,4.6e-05,3590.034241,1.2813248262274723e-08,LVNET LTD
34798,1,5107,0.00019580967299784609,1.5e-05,3590.034241,4.178233129002627e-09,willhaben internet service GmbH & Co KG
34907,1,5107,0.00019580967299784609,16.0,3590.034241,0.004456782004269469,IP SERVICES Sp. zo.o.
34939,2,5107,0.00039161934599569217,2.0,3590.034241,0.0005570977505336836,"nextdns, Inc."
35048,5,5107,0.0009790483649892304,20.0,3590.034241,0.005570977505336836,Biterika Group LLC
35085,1,5107,0.00019580967299784609,1.0,3590.034241,0.0002785488752668418,networksu sasu
35470,2,26105,7.661367554108408e-05,0.0,82.328679,0.0,Signet B.V.
35487,3,5107,0.0005874290189935383,0.003937,3590.034241,1.0966469219255561e-06,"Misaka Network, Inc."
35492,2,26105,7.661367554108408e-05,0.0,82.328679,0.0,FunkFeuer Wien - Verein zur Foerderung freier Netze
35507,1,5107,0.00019580967299784609,0.0625,3590.034241,1.7409304704177612e-05,BEGASOFT AG
35574,4,5107,0.0007832386919913843,19.0,3590.034241,0.005292428630069994,IGT LOTTERY S.P.A.
35579,1,5107,0.00019580967299784609,16.0,3590.034241,0.004456782004269469,KELAG-Karntner Elektrizitats - Aktiengesellschaft
35712,2,5107,0.00039161934599569217,17.0,3590.034241,0.00473533087953631,AMAG Corporate Services AG
35761,2,5107,0.00039161934599569217,16.000015,3590.034241,0.004456786182502598,Mitko.Com Ltd.
35826,2,26105,7.661367554108408e-05,0.0,82.328679,0.0,Netservers Limited
35829,1,5107,0.00019580967299784609,16.0,3590.034241,0.004456782004269469,"auth-servers, LLC"
36183,1191,5107,0.2332093205404347,0.018173,3590.034241,5.062068710224317e-06,"Akamai Technologies, Inc."
36351,2,26105,7.661367554108408e-05,0.0,82.328679,0.0,SoftLayer Technologies Inc.
36492,1772,31212,0.05677303601179034,0.132428,3672.36292,3.6060706113436084e-05,Google LLC
36791,1,5107,0.00019580967299784609,0.003906,3590.034241,1.0880119067922841e-06,Portland Internet Hosting LLC
36992,1,5107,0.00019580967299784609,1.0,3590.034241,0.0002785488752668418,ETISALAT MISR
37009,1,5107,0.00019580967299784609,1.0,3590.034241,0.0002785488752668418,"MTC - Mobile Telecommunications, Ltd."
37963,2,5107,0.00039161934599569217,3.1e-05,3590.034241,8.635015133272095e-09,"Alibaba (US) Technology Co., Ltd."
38008,2,5107,0.00039161934599569217,3.1e-05,3590.034241,8.635015133272095e-09,Aperture Science Limited
38255,1,26105,3.830683777054204e-05,0.0,82.328679,0.0,China Education and Research Network (CERNET)
38266,14,26105,0.0005362957287875885,0.0,82.328679,0.0,Vodafone Idea Ltd. (VIL)
38365,1,26105,3.830683777054204e-05,0.0,82.328679,0.0,"Beijing Baidu Netcom Science and Technology Co., Ltd."
38631,2,26105,7.661367554108408e-05,0.0,82.328679,0.0,LINE Corporation
39122,9,26105,0.0003447615399348784,0.0,82.328679,0.0,Blacknight Internet Solutions Limited
39384,1,5107,0.00019580967299784609,1.0,3590.034241,0.0002785488752668418,"Dream Fusion - IT Services, Lda"
39591,1,5107,0.00019580967299784609,16.0,3590.034241,0.004456782004269469,Global-e ICT solutions B.V.
39824,1,5107,0.00019580967299784609,1.0,3590.034241,0.0002785488752668418,JSC Alma Telecommunications
39900,3,5107,0.0005874290189935383,4.6e-05,3590.034241,1.2813248262274723e-08,Alliance LLC
39913,1,5107,0.00019580967299784609,16.0,3590.034241,0.004456782004269469,Manuel Wannemacher
40138,2,5107,0.00039161934599569217,3.1e-05,3590.034241,8.635015133272095e-09,"Mach Dilemma, LLC"
40509,51,5107,0.00998629332289015,0.000778,3590.034241,2.1671102495760293e-07,"Fly.io, Inc."
40630,4,26105,0.00015322735108216817,0.0,82.328679,0.0,"GridFury, LLC"
40676,14,31212,0.0004485454312443932,1.000384,3672.36292,0.0002724088064803791,Psychz Networks
40970,2,5107,0.00039161934599569217,32.0,3590.034241,0.008913564008538937,IP SERVICES Sp. zo.o.
40994,1,26105,3.830683777054204e-05,0.0,82.328679,0.0,Hohl IT e.U.
41108,1,5107,0.00019580967299784609,1.0,3590.034241,0.0002785488752668418,First Root UG (haftungsbeschraenkt)
41155,1,5107,0.00019580967299784609,1.5e-05,3590.034241,4.178233129002627e-09,Orbit Telekom Sanayi ve Ticaret Limited Sirketi
41327,1,5107,0.00019580967299784609,16.0,3590.034241,0.004456782004269469,Fiber Telecom S.p.A.
41357,1,26105,3.830683777054204e-05,0.0,82.328679,0.0,34SP.com Limited
41378,29,31212,0.0009291298218633858,0.0009,3672.36292,2.450738174864264e-07,Kirino LLC
41405,52,26105,0.0019919555640681864,0.085693,82.328679,0.0010408645084661204,Altinea SAS
41717,9,26105,0.0003447615399348784,8e-06,82.328679,9.717148504229007e-08,Telfly Technology Limited
42034,1,5107,0.00019580967299784609,16.0,3590.034241,0.004456782004269469,DN-Systems Enterprise Internet Solutions GmbH
42198,3,5107,0.0005874290189935383,4.6e-05,3590.034241,1.2813248262274723e-08,Tyler Todd
42275,4,5107,0.0007832386919913843,16.000046,3590.034241,0.0044567948175177315,Three Fourteen SASU
42487,3,26105,0.00011492051331162612,0.0,82.328679,0.0,Vialis SEM
42673,1,5107,0.00019580967299784609,1.5e-05,3590.034241,4.178233129002627e-09,Skyware Sp. z o.o.
42675,4,5107,0.0007832386919913843,6.1e-05,3590.034241,1.699148139127735e-08,Obehosting AB
42692,2,5107,0.00039161934599569217,2.0,3590.034241,0.0005570977505336836,Overweb Srl
42831,7,5107,0.0013706677109849227,0.000107,3590.034241,2.980472965355207e-08,UK Dedicated Servers Limited
42846,1,26105,3.830683777054204e-05,0.0,82.328679,0.0,GNET Internet Telekomunikasyon A.S.
42897,1,5107,0.00019580967299784609,16.0,3590.034241,0.004456782004269469,Telnet LLC
42929,1,5107,0.00019580967299784609,16.0,3590.034241,0.004456782004269469,Artefact SARL
43260,1,5107,0.00019580967299784609,1.0,3590.034241,0.0002785488752668418,DGN TEKNOLOJI A.S.
43317,1,5107,0.00019580967299784609,1.0,3590.034241,0.0002785488752668418,SIA VEESP
43350,1,5107,0.00019580967299784609,16.0,3590.034241,0.004456782004269469,NForce Entertainment B.V.
43357,1,5107,0.00019580967299784609,1.5e-05,3590.034241,4.178233129002627e-09,Owl Limited
43614,1,26105,3.830683777054204e-05,0.0,82.328679,0.0,Economia a.s.
43766,1,26105,3.830683777054204e-05,0.0,82.328679,0.0,Mobile Telecommunication Company Saudi Arabia Joint-Stock company
44016,5,5107,0.0009790483649892304,7.6e-05,3590.034241,2.1169714520279977e-08,XS Usenet B.V.
44050,1,5107,0.00019580967299784609,16.0,3590.034241,0.004456782004269469,Petersburg Internet Network ltd.
44066,6,26105,0.00022984102662325224,0.0,82.328679,0.0,firstcolo GmbH
44205,1,5107,0.00019580967299784609,16.0,3590.034241,0.004456782004269469,Indigo Integrated Solutions Limited
44477,2,31212,6.407791874919902e-05,1.0,3672.36292,0.00027230424165158493,STARK INDUSTRIES SOLUTIONS LTD
44812,37,31212,0.001185441496860182,35.0,3672.36292,0.009530648457805472,IP SERVER LLC
44851,1,5107,0.00019580967299784609,16.0,3590.034241,0.004456782004269469,Retel JSC
44901,1,26105,3.830683777054204e-05,0.0,82.328679,0.0,Belcloud LTD
44974,4,26105,0.00015322735108216817,0.0,82.328679,0.0,RegioNet Schweinfurt GmbH
45027,2,26105,7.661367554108408e-05,1.5e-05,82.328679,1.821965344542939e-07,"LLC ""Internet Tehnologii"""
45090,2,26105,7.661367554108408e-05,0.0,82.328679,0.0,Shenzhen Tencent Computer Systems Company Limited
45474,3,26105,0.00011492051331162612,0.0,82.328679,0.0,NEXUSGUARD LIMITED
45609,202,31212,0.006471869793669102,0.039658,3672.36292,1.0799041615418554e-05,Bharti Airtel Limited
45727,1,26105,3.830683777054204e-05,0.0,82.328679,0.0,"Hutchison CP Telecommunications, PT"
45758,32,26105,0.0012258188086573453,0.0,82.328679,0.0,Triple T Broadband Public Company Limited
45899,42,26105,0.0016088871863627657,0.0,82.328679,0.0,Vietnam Posts and Telecommunications (VNPT)
46562,78,31212,0.002499038831218762,0.00013099999999999999,3672.36292,3.567185565635762e-08,Performive LLC
46841,2,26105,7.661367554108408e-05,3.1e-05,82.328679,3.7653950453887406e-07,"Fork Networking, LLC"
46997,10,31212,0.0003203895937459951,0.00061,3672.36292,1.661055874074668e-07,Black Mesa Corporation
47447,2,31212,6.407791874919902e-05,1.0,3672.36292,0.00027230424165158493,23M GmbH
47540,1,5107,0.00019580967299784609,16.0,3590.034241,0.004456782004269469,Wipak Walsrode Geschaeftsfuhrungs GmbH trading as Wipak Walsrode GmbH & Co. KG
47583,959,31212,0.030725362040240935,0.00032,3672.36292,8.713735732850718e-08,Hostinger International Limited
47596,9,5107,0.0017622870569806149,7.000031,3590.034241,0.0019498507618830258,IT Express Ltd.
47720,1,5107,0.00019580967299784609,1.5e-05,3590.034241,4.178233129002627e-09,CORK INTERNET EXCHANGE LIMITED
48043,2,5107,0.00039161934599569217,0.003922,3590.034241,1.0924686887965536e-06,Ozyorsk Telecom CJSC.
48070,1,5107,0.00019580967299784609,1.0,3590.034241,0.0002785488752668418,DSM (GB) Limited
48108,3,5107,0.0005874290189935383,3.0,3590.034241,0.0008356466258005253,Sole trader Malkov Dmitrii Vladimirovich
48231,1,5107,0.00019580967299784609,0.000244,3590.034241,6.79659255651094e-08,"CRE Network, LLC"
48254,2,5107,0.00039161934599569217,3.1e-05,3590.034241,8.635015133272095e-09,20i Limited
48261,4,26105,0.00015322735108216817,2.0,82.328679,0.02429287126057252,socialimprove LLC
48288,1,5107,0.00019580967299784609,16.0,3590.034241,0.004456782004269469,EWII Bredbaand A/S
48352,1,5107,0.00019580967299784609,16.0,3590.034241,0.004456782004269469,LIS Logistische Informationssysteme GmbH
48581,1,26105,3.830683777054204e-05,0.0,82.328679,0.0,MythicalKitten LLC
48582,1,5107,0.00019580967299784609,0.003906,3590.034241,1.0880119067922841e-06,ngena GmbH
48635,12,31212,0.00038446751249519417,16.0,3672.36292,0.004356867866425359,CLDIN B.V.
48638,1,5107,0.00019580967299784609,1.0,3590.034241,0.0002785488752668418,Cronos NV
49121,1,5107,0.00019580967299784609,1.5e-05,3590.034241,4.178233129002627e-09,"Infinity Telecom, s.r.o."
49367,1,5107,0.00019580967299784609,1.5e-05,3590.034241,4.178233129002627e-09,Seflow s.r.l.
49392,4,5107,0.0007832386919913843,2.000031,3590.034241,0.0005571063855488169,LLC Baxet
49542,7,31212,0.0002242727156221966,6.0,3672.36292,0.0016338254499095094,ArtPlanet LLC
49544,4,31212,0.00012815583749839805,1.000244,3672.36292,0.0002723706838865479,i3D.net B.V
49548,3,5107,0.0005874290189935383,0.000275,3590.034241,7.66009406983815e-08,NSA Networks LLC
49581,8,5107,0.0015664773839827687,23.0,3590.034241,0.006406624131137361,Ferdinand Zink trading as Tube-Hosting
49655,1,5107,0.00019580967299784609,16.0,3590.034241,0.004456782004269469,Easynet Group Ltd
49673,1,5107,0.00019580967299784609,1.5e-05,3590.034241,4.178233129002627e-09,Truenetwork LLC
49981,5,31212,0.00016019479687299755,1.003906,3672.36292,0.000273367862019476,WorldStream B.V.
50007,1,5107,0.00019580967299784609,1.5e-05,3590.034241,4.178233129002627e-09,LVNET LTD
50069,6,5107,0.0011748580379870766,9.2e-05,3590.034241,2.5626496524549445e-08,"Misaka Network, Inc."
50113,6,31212,0.00019223375624759708,1.000015,3672.36292,0.0002723083262152097,NTX Technologies s.r.o.
50395,1,5107,0.00019580967299784609,1.0,3590.034241,0.0002785488752668418,Julian Lannert
50495,1,5107,0.00019580967299784609,1.0,3590.034241,0.0002785488752668418,web2objects GmbH
50582,1,5107,0.00019580967299784609,16.0,3590.034241,0.004456782004269469,Bent Oystein Bostad
50782,1,5107,0.00019580967299784609,16.0,3590.034241,0.004456782004269469,COSYS DATA GmbH
50867,4,5107,0.0007832386919913843,0.000977,3590.034241,2.7214225113570443e-07,HOSTKEY B.V.
50902,2,5107,0.00039161934599569217,2.0,3590.034241,0.0005570977505336836,DNS0.EU A.D.
50922,1,5107,0.00019580967299784609,1.5e-05,3590.034241,4.178233129002627e-09,SHI Li Li
50926,1,5107,0.00019580967299784609,1.5e-05,3590.034241,4.178233129002627e-09,"AXARNET COMUNICACIONES, S.L."
50994,1,5107,0.00019580967299784609,1.5e-05,3590.034241,4.178233129002627e-09,e-SBL.net Sp. z o.o.
51115,1,26105,3.830683777054204e-05,1.5e-05,82.328679,1.821965344542939e-07,HLL LLC
51126,2,5107,0.00039161934599569217,2.0,3590.034241,0.0005570977505336836,Kew Solutions Unipessoal Lda
51259,1,5107,0.00019580967299784609,1.0,3590.034241,0.0002785488752668418,Arcus Novus UAB
51430,10,31212,0.0003203895937459951,3e-05,3672.36292,8.169127249547547e-09,AltusHost B.V.
51468,29,26105,0.0011108982953457192,0.0,82.328679,0.0,One.com A/S
51579,1,5107,0.00019580967299784609,0.0625,3590.034241,1.7409304704177612e-05,Korporatvniy partner Ltd
51659,4,5107,0.0007832386919913843,4.0,3590.034241,0.0011141955010673672,LLC Baxet
51711,1,5107,0.00019580967299784609,16.0,3590.034241,0.004456782004269469,Insys Ltd
51837,6,5107,0.0011748580379870766,6.0,3590.034241,0.0016712932516010507,Netex Limited
51873,8,26105,0.00030645470216433634,0.0,82.328679,0.0,Arcade Solutions AG
51972,1,5107,0.00019580967299784609,1.5e-05,3590.034241,4.178233129002627e-09,SIM-TELECOM LLC.
52031,1,5107,0.00019580967299784609,16.0,3590.034241,0.004456782004269469,Rustel LLC
52041,1,5107,0.00019580967299784609,1.5e-05,3590.034241,4.178233129002627e-09,"Scaleblade, Ltd."
52042,1,5107,0.00019580967299784609,1.0,3590.034241,0.0002785488752668418,Kew Solutions Unipessoal Lda
52048,4,5107,0.0007832386919913843,6.1e-05,3590.034241,1.699148139127735e-08,DataClub S.A.
52112,1,5107,0.00019580967299784609,0.000244,3590.034241,6.79659255651094e-08,Tom Klein
52209,1,5107,0.00019580967299784609,16.0,3590.034241,0.004456782004269469,Atis Omran Sevin PSJ
53356,3,31212,9.611687812379854e-05,0.003922,3672.36292,1.067977235757516e-06,Free Range Cloud Hosting Inc.
53667,26,31212,0.0008330129437395873,1.312515,3672.36292,0.00035740340173133,FranTech Solutions
54113,145,31212,0.00464564910931693,1.4398190000000002,3672.36292,0.0003920688209105434,"Fastly, Inc."
54197,1,5107,0.00019580967299784609,1.5e-05,3590.034241,4.178233129002627e-09,TGs4 Networks Inc.
54455,1,26105,3.830683777054204e-05,0.0,82.328679,0.0,MadeIT inc.
55081,15,31212,0.0004805843906189927,2.7e-05,3672.36292,7.352214524592793e-09,24 SHELLS
55286,1,5107,0.00019580967299784609,1.0,3590.034241,0.0002785488752668418,B2 Net Solutions Inc.
55410,1,26105,3.830683777054204e-05,0.0,82.328679,0.0,Vodafone Idea Ltd. (VIL)
55644,16,26105,0.0006129094043286727,0.0,82.328679,0.0,Vodafone Idea Ltd. (VIL)
55818,3,26105,0.00011492051331162612,0.0,82.328679,0.0,Corporate / Direct Member IDNIC
55836,61,26105,0.0023367171040030647,0.0,82.328679,0.0,Reliance Jio Infocomm Limited
55990,3,26105,0.00011492051331162612,0.0,82.328679,0.0,Huawei
56040,19,26105,0.0007278299176402987,0.0,82.328679,0.0,China Mobile Communications Corporation
56041,3,26105,0.00011492051331162612,0.0,82.328679,0.0,China Mobile Communications Corporation
56046,7,26105,0.0002681478643937943,0.0,82.328679,0.0,China Mobile Communications Corporation
56434,1,5107,0.00019580967299784609,1.0,3590.034241,0.0002785488752668418,Modesco LLC
56485,1,5107,0.00019580967299784609,16.0,3590.034241,0.004456782004269469,Oleksandr Siedinkin
56534,3,5107,0.0005874290189935383,2.000015,3590.034241,0.0005571019287668125,Comfortel Ltd.
56630,3,26105,0.00011492051331162612,4.6e-05,82.328679,5.58736038993168e-07,Melbikomas UAB
56655,4,26105,0.00015322735108216817,1.5e-05,82.328679,1.821965344542939e-07,TerraHost AS
56708,1,5107,0.00019580967299784609,16.0,3590.034241,0.004456782004269469,INTERNET INVEST LIMITED
56722,1,5107,0.00019580967299784609,16.0,3590.034241,0.004456782004269469,Van Berkel en Bos U.N. Studio BV
56758,4,5107,0.0007832386919913843,6.1e-05,3590.034241,1.699148139127735e-08,Cr0bar Limited
56849,2,5107,0.00039161934599569217,2.0,3590.034241,0.0005570977505336836,Kew Solutions Unipessoal Lda
57043,6,26105,0.00022984102662325224,4.0,82.328679,0.04858574252114504,HOSTKEY B.V.
57574,1,5107,0.00019580967299784609,16.0,3590.034241,0.004456782004269469,Agriculture bank
57773,1,5107,0.00019580967299784609,16.0,3590.034241,0.004456782004269469,1Access Sweden AB
57795,1,5107,0.00019580967299784609,16.0,3590.034241,0.004456782004269469,NG-BLU Networks B.V.
58036,1,5107,0.00019580967299784609,0.0625,3590.034241,1.7409304704177612e-05,"LLC ""SKY LINE"""
58057,22,31212,0.0007048571062411893,0.004288,3672.36292,1.167640588201996e-06,Securebit AG
58061,2,5107,0.00039161934599569217,2.0,3590.034241,0.0005570977505336836,Scalaxy B.V.
58336,1,5107,0.00019580967299784609,1.5e-05,3590.034241,4.178233129002627e-09,"Chengde TsingYao Network Technology Service Co., Ltd."
58339,1,5107,0.00019580967299784609,1.5e-05,3590.034241,4.178233129002627e-09,MARIA STYLE LTD
58453,19,31212,0.0006087402281173907,0.0,3672.36292,0.0,China Mobile International Limited
58466,1,26105,3.830683777054204e-05,0.0,82.328679,0.0,CHINANET Guangdong province network
58487,125,26105,0.004788354721317755,0.0,82.328679,0.0,Rumahweb
58541,2,26105,7.661367554108408e-05,0.0,82.328679,0.0,"Qingdao,266000"
58542,9,26105,0.0003447615399348784,0.0,82.328679,0.0,"Tianjij,300000"
58777,1,26105,3.830683777054204e-05,0.0,82.328679,0.0,ChinaTelecom Cybersecurity Tech
59437,1,26105,3.830683777054204e-05,0.0,82.328679,0.0,Northern Data AG
59504,19,31212,0.0006087402281173907,9.1875,3672.36292,0.002501795220173936,LLC Vpsville
59538,7,5107,0.0013706677109849227,0.019562,3590.034241,5.4489730979699594e-06,UPSTREAM NETWORK LTD
59584,1,5107,0.00019580967299784609,0.0625,3590.034241,1.7409304704177612e-05,INDIKOM LLC
59605,1,26105,3.830683777054204e-05,0.0,82.328679,0.0,MENA LEVANT W.L.L
59711,2,5107,0.00039161934599569217,3.1e-05,3590.034241,8.635015133272095e-09,HZ Hosting Ltd
59795,1,5107,0.00019580967299784609,0.003906,3590.034241,1.0880119067922841e-06,"Lucas Rolff, trading as Hosting4Real"
59848,1,5107,0.00019580967299784609,16.0,3590.034241,0.004456782004269469,"LLC ""LURE IT"""
60021,1,5107,0.00019580967299784609,16.0,3590.034241,0.004456782004269469,EDGE CLOUD NETWORK TECHNOLOGY PTE LTD.
60068,9,26105,0.0003447615399348784,0.000107,82.328679,1.2996686124406296e-06,Datacamp Limited
60135,1,5107,0.00019580967299784609,16.0,3590.034241,0.004456782004269469,Megaspace Ltd
60294,141,26105,0.0054012641256464275,0.0,82.328679,0.0,Deutsche Glasfaser Wholesale GmbH
60310,1,5107,0.00019580967299784609,0.003906,3590.034241,1.0880119067922841e-06,"Nightfall Networks, LLC"
60389,3,5107,0.0005874290189935383,3.0,3590.034241,0.0008356466258005253,Manir LLC
60539,11,5107,0.002153906402976307,0.019623,3590.034241,5.465964579361237e-06,Huicast Telecom Limited
60557,2,5107,0.00039161934599569217,3.1e-05,3590.034241,8.635015133272095e-09,Krik van der Vinne trading as Alpine North
60567,2,5107,0.00039161934599569217,3.1e-05,3590.034241,8.635015133272095e-09,DataClub S.A.
60703,1,5107,0.00019580967299784609,1.0,3590.034241,0.0002785488752668418,MULTIDIST SARL
60781,44,31212,0.0014097142124823785,22.000046,3672.36292,0.005990705842329984,LeaseWeb Netherlands B.V.
60893,1,26105,3.830683777054204e-05,0.0,82.328679,0.0,Art of Automation B.V.
61098,1,26105,3.830683777054204e-05,0.0,82.328679,0.0,Akenes SA
61112,2,5107,0.00039161934599569217,0.003922,3590.034241,1.0924686887965536e-06,AKILE LTD
61161,3,5107,0.0005874290189935383,3.0,3590.034241,0.0008356466258005253,Darkness Reigns (Holding) B.V.
61178,1,5107,0.00019580967299784609,1.0,3590.034241,0.0002785488752668418,MRGROUP INVESTMENTS LIMITED
61317,25,31212,0.0008009739843649878,5.013123,3672.36292,0.0013650946568211184,Hivelocity Inc
61323,5,31212,0.00016019479687299755,1.5e-05,3672.36292,4.084563624773774e-09,ANS ACADEMY LIMITED
62068,3,5107,0.0005874290189935383,3.0,3590.034241,0.0008356466258005253,SpectraIP B.V.
62217,21,31212,0.0006728181468665898,4.000809,3672.36292,0.0010894372607378358,Vinters IT Ltd
62240,34,5107,0.006657528881926767,9.00061,3590.034241,0.002507109792215489,Clouvider Limited
62282,3,26105,0.00011492051331162612,3e-06,82.328679,3.6439306890858774e-08,UAB Rakrejus
62571,9,26105,0.0003447615399348784,0.0,82.328679,0.0,IMPERVA INC
62874,4,31212,0.00012815583749839805,0.000519,3672.36292,1.4132590141717258e-07,Web2Objects LLC
63213,1,5107,0.00019580967299784609,1.5e-05,3590.034241,4.178233129002627e-09,Astute Internet
63399,2,5107,0.00039161934599569217,0.007812,3590.034241,2.1760238135845682e-06,"Dialpad, Inc."
63410,40,26105,0.0015322735108216816,0.0,82.328679,0.0,PrivateSystems Networks
63835,1,26105,3.830683777054204e-05,0.0,82.328679,0.0,Hengyang
63949,32,26105,0.0012258188086573453,0.0,82.328679,0.0,"Akamai Technologies, Inc."
64080,1,26105,3.830683777054204e-05,1.0,82.328679,0.01214643563028626,SYN LTD
64267,12,26105,0.0004596820532465045,0.75,82.328679,0.009109826722714693,Sprious LLC
64475,3,5107,0.0005874290189935383,0.004395,3590.034241,1.2242223067977696e-06,Freifunk Frankfurt am Main e.V.
131445,2,26105,7.661367554108408e-05,0.0,82.328679,0.0,MAYBANK Data Center (Co-Location)
131486,5,26105,0.0001915341888527102,0.0,82.328679,0.0,"Beijing Jingdong 360 Degree E-commerce Co., Ltd."
131910,1,5107,0.00019580967299784609,1.0,3590.034241,0.0002785488752668418,SORACOM. INC.
133375,1,5107,0.00019580967299784609,1.0,3590.034241,0.0002785488752668418,"CHUAN KAI INTERNATIONAL CO., LTD"
133480,9,31212,0.0002883506343713956,2.3e-05,3672.36292,6.262997557986453e-09,Intergrid Group Pty Ltd
133798,1,26105,3.830683777054204e-05,0.0,82.328679,0.0,"PT. Smartfren Telecom, Tbk"
133846,3,5107,0.0005874290189935383,4.6e-05,3590.034241,1.2813248262274723e-08,IMLONGHAO
134094,1,26105,3.830683777054204e-05,1e-06,82.328679,1.2146435630286259e-08,"SERVERFIELD CO., LTD."
134238,1,26105,3.830683777054204e-05,0.0,82.328679,0.0,CHINANET Jiangx province IDC network
134756,4,26105,0.00015322735108216817,0.0,82.328679,0.0,China Telecom
134762,1,26105,3.830683777054204e-05,0.0,82.328679,0.0,CHINANET Liaoning province Dalian MAN network
134768,5,26105,0.0001915341888527102,0.0,82.328679,0.0,CHINANET SHAANXI province Cloud Base network
134771,3,26105,0.00011492051331162612,0.0,82.328679,0.0,"WENZHOU, ZHEJIANG Province, P.R.China."
135605,1,5107,0.00019580967299784609,1.0,3590.034241,0.0002785488752668418,MOACK.Co.LTD
135671,1,5107,0.00019580967299784609,1.5e-05,3590.034241,4.178233129002627e-09,RBB InfoTech
135967,2,26105,7.661367554108408e-05,0.0,82.328679,0.0,Bach Kim Network solutions Join stock company
135981,178,26105,0.006818617123156483,0.551773,82.328679,0.006702075227029939,VisualViet Company Limited
136188,1,26105,3.830683777054204e-05,0.0,82.328679,0.0,"NINGBO, ZHEJIANG Province, P.R.China."
136258,1,5107,0.00019580967299784609,1.5e-05,3590.034241,4.178233129002627e-09,"BrainStorm Network, Inc"
136620,2,5107,0.00039161934599569217,0.000488,3590.034241,1.359318511302188e-07,VMHaus Limited
136959,1,26105,3.830683777054204e-05,0.0,82.328679,0.0,China Unicom
137409,3,5107,0.0005874290189935383,3.0,3590.034241,0.0008356466258005253,GSL Networks Pty LTD
137443,1,26105,3.830683777054204e-05,0.0,82.328679,0.0,Anchnet Asia Limited
137697,1,26105,3.830683777054204e-05,0.0,82.328679,0.0,"CHINATELECOM JiangSu YangZhou IDC networkdescr: YangZhou , Jiangsu Province, P.R.China."
137702,6,26105,0.00022984102662325224,0.0,82.328679,0.0,China Telecom
137753,1,26105,3.830683777054204e-05,0.0,82.328679,0.0,Beijing Jingdong Shangke Information Technology Co. Ltd.
138421,3,26105,0.00011492051331162612,0.0,82.328679,0.0,China Unicom
138652,2,26105,7.661367554108408e-05,0.007812,82.328679,9.488795514379626e-05,Super Godzilla Communications GK
138915,1,26105,3.830683777054204e-05,0.0,82.328679,0.0,Kaopu Cloud HK Limited
138997,3,26105,0.00011492051331162612,3.1e-05,82.328679,3.7653950453887406e-07,Eons Data Communications Limited
139589,1,5107,0.00019580967299784609,1.5e-05,3590.034241,4.178233129002627e-09,GTDev Network
139693,1,5107,0.00019580967299784609,1.5e-05,3590.034241,4.178233129002627e-09,Free Range Cloud Hosting Inc
140061,1,26105,3.830683777054204e-05,0.0,82.328679,0.0,China Telecom
140716,1,26105,3.830683777054204e-05,0.0,82.328679,0.0,China Unicom
140731,1,5107,0.00019580967299784609,1.5e-05,3590.034241,4.178233129002627e-09,TOHU Public Internet
140810,34,31212,0.0010893246187363835,0.125031,3672.36292,3.4046471637939314e-05,Megacore Technology Company Limited
140824,2,26105,7.661367554108408e-05,2e-06,82.328679,2.4292871260572517e-08,VNIDC TECHNOLOGY COMPANY LIMITED
140903,12,26105,0.0004596820532465045,0.0,82.328679,0.0,China Telecom
141039,1,5107,0.00019580967299784609,1.5e-05,3590.034241,4.178233129002627e-09,TEFINCOM S.A.
141173,1,5107,0.00019580967299784609,0.003906,3590.034241,1.0880119067922841e-06,SteveYi Experiment Network
141444,1,5107,0.00019580967299784609,1.0,3590.034241,0.0002785488752668418,Wicked Networks Limited
147049,1,26105,3.830683777054204e-05,0.0,82.328679,0.0,PacketHub S.A.
147057,1,5107,0.00019580967299784609,1.0,3590.034241,0.0002785488752668418,DNT Solutions
149042,2,26105,7.661367554108408e-05,0.0,82.328679,0.0,"SICLOUD INFORMATION TECHNOLOGY (HONGKONG) CO., LIMITED"
149151,2,26105,7.661367554108408e-05,2e-06,82.328679,2.4292871260572517e-08,VNSUN CLOUD COMPANY LIMITED
149485,15,26105,0.0005746025665581306,9.8e-05,82.328679,1.1903506917680533e-06,MonoCloud Pty Ltd
150347,1,5107,0.00019580967299784609,1.0,3590.034241,0.0002785488752668418,Planisware Singapore Pte. Ltd
150445,1,5107,0.00019580967299784609,1.0,3590.034241,0.0002785488752668418,Getechbrothers
151338,14,5107,0.0027413354219698455,0.006851,3590.034241,1.908338344453133e-06,POLONETWORK LIMITED
151407,1,5107,0.00019580967299784609,0.003906,3590.034241,1.0880119067922841e-06,Hytron Network Services Limited
151814,1,5107,0.00019580967299784609,0.0625,3590.034241,1.7409304704177612e-05,Baoshuo Network
196733,1,5107,0.00019580967299784609,1.0,3590.034241,0.0002785488752668418,Eskisehir Bilisim Iletisim San. ve Tic. A.S.
196968,1,5107,0.00019580967299784609,1.0,3590.034241,0.0002785488752668418,Ilm-Provider UG (haftungsbeschraenkt)
197204,1,5107,0.00019580967299784609,16.0,3590.034241,0.004456782004269469,TeleMaks Ltd
197433,1,5107,0.00019580967299784609,1.5e-05,3590.034241,4.178233129002627e-09,XuanMing Liu
197598,2,26105,7.661367554108408e-05,0.0,82.328679,0.0,Virtueon Solutions LLC
197606,2,5107,0.00039161934599569217,3.1e-05,3590.034241,8.635015133272095e-09,Ismael Munoz Hernandez
197619,2,26105,7.661367554108408e-05,1.0,82.328679,0.01214643563028626,Telnab Networks LLC
197634,1,5107,0.00019580967299784609,0.0625,3590.034241,1.7409304704177612e-05,Alec Hoefler
197695,2,26105,7.661367554108408e-05,0.0,82.328679,0.0,"Domain names registrar REG.RU, Ltd"
197706,2,5107,0.00039161934599569217,32.0,3590.034241,0.008913564008538937,Keminet SHPK
197730,3,31212,9.611687812379854e-05,0.007812,3672.36292,2.1272407357821814e-06,BWE CAPITAL LIMITED
197919,2,5107,0.00039161934599569217,3.1e-05,3590.034241,8.635015133272095e-09,Noah van der Aa
197992,7,26105,0.0002681478643937943,5.0,82.328679,0.060732178151431296,DEFSOLUTION LLC
198066,1,26105,3.830683777054204e-05,0.0,82.328679,0.0,"Grupo Loading Systems, S.L."
198068,4,26105,0.00015322735108216817,0.0,82.328679,0.0,P.A.G.M. OU
198231,9,5107,0.0017622870569806149,8.003906,3590.034241,0.002229479014041527,SIXNET OPERATION LTD
198412,3,5107,0.0005874290189935383,4.6e-05,3590.034241,1.2813248262274723e-08,Rage4 Networks Limited
198571,3,5107,0.0005874290189935383,3.0,3590.034241,0.0008356466258005253,3xK Tech GmbH
198722,1,5107,0.00019580967299784609,1.0,3590.034241,0.0002785488752668418,TxRx Communications Ltd
199052,1,5107,0.00019580967299784609,1.5e-05,3590.034241,4.178233129002627e-09,AquaHost LTD
199186,4,5107,0.0007832386919913843,0.015625,3590.034241,4.352326176044403e-06,KIRILL ZINOV
199244,1,26105,3.830683777054204e-05,0.0,82.328679,0.0,InterXion Hrvatska d.o.o.
199274,1,26105,3.830683777054204e-05,0.0,82.328679,0.0,"Serveroid, LLC"
199465,1,5107,0.00019580967299784609,0.003906,3590.034241,1.0880119067922841e-06,FeiYa Network LTD.
199614,1,5107,0.00019580967299784609,1.0,3590.034241,0.0002785488752668418,Fiberocity Ltd
199656,1,5107,0.00019580967299784609,1.5e-05,3590.034241,4.178233129002627e-09,ZYC Network LLC
199669,1,5107,0.00019580967299784609,1.0,3590.034241,0.0002785488752668418,Okay-Telecom Ltd.
199684,1,5107,0.00019580967299784609,1.5e-05,3590.034241,4.178233129002627e-09,Shangren Lu
199752,1,26105,3.830683777054204e-05,0.0,82.328679,0.0,Go-Trex Holding BV
199925,11,31212,0.00035242855312059464,2.035156,3672.36292,0.000554181611222673,Phan Nhat Nghi
199974,2,5107,0.00039161934599569217,0.000488,3590.034241,1.359318511302188e-07,MD TECHNOLOGY LIMITED
200000,1,5107,0.00019580967299784609,16.0,3590.034241,0.004456782004269469,Hosting Ukraine LTD
200021,2,5107,0.00039161934599569217,0.003922,3590.034241,1.0924686887965536e-06,Tianhong Peng
200081,1,5107,0.00019580967299784609,1.0,3590.034241,0.0002785488752668418,Netversor GmbH
200128,1,5107,0.00019580967299784609,1.0,3590.034241,0.0002785488752668418,DNHOST IKE
200157,1,5107,0.00019580967299784609,1.0,3590.034241,0.0002785488752668418,99999 Informatika Ltd.
200187,1,5107,0.00019580967299784609,16.0,3590.034241,0.004456782004269469,CloudKleyer Frankfurt GmbH
200222,1,26105,3.830683777054204e-05,0.0,82.328679,0.0,Sama Tech s.r.o.
200241,1,26105,3.830683777054204e-05,0.0,82.328679,0.0,OCEAN WAVES DATA LIMITED
200351,4,26105,0.00015322735108216817,0.0,82.328679,0.0,Guanzhong Chen
200373,9,5107,0.0017622870569806149,9.0,3590.034241,0.002506939877401576,3xK Tech GmbH
200393,1,5107,0.00019580967299784609,1.5e-05,3590.034241,4.178233129002627e-09,Klett IT GmbH
200416,1,5107,0.00019580967299784609,1.0,3590.034241,0.0002785488752668418,Genius Sports UK Limited
200428,1,5107,0.00019580967299784609,16.0,3590.034241,0.004456782004269469,SouthernHill BV
200487,2,26105,7.661367554108408e-05,0.0,82.328679,0.0,OOO VPS
200635,1,5107,0.00019580967299784609,1.0,3590.034241,0.0002785488752668418,pragmatel s.r.o.
200690,3,5107,0.0005874290189935383,0.000275,3590.034241,7.66009406983815e-08,Junxiao Shi
200738,1,26105,3.830683777054204e-05,0.0,82.328679,0.0,FIBRAWORLD TELECOM S.A.U.
200746,2,5107,0.00039161934599569217,3.1e-05,3590.034241,8.635015133272095e-09,CLDIN B.V.
200800,1,5107,0.00019580967299784609,1.5e-05,3590.034241,4.178233129002627e-09,Zurganf Ltd
200827,1,26105,3.830683777054204e-05,1.5e-05,82.328679,1.821965344542939e-07,vv Network Inc
200866,21,5107,0.004112003132954768,0.000549,3590.034241,1.5292333252149615e-07,John Mark Gabriel Caguicla
200899,1,5107,0.00019580967299784609,16.0,3590.034241,0.004456782004269469,INTERSPACE DOOEL Skopje
200907,1,5107,0.00019580967299784609,0.003906,3590.034241,1.0880119067922841e-06,Bai Shijie
200959,3,5107,0.0005874290189935383,4.6e-05,3590.034241,1.2813248262274723e-08,Yaoxuan Chen
201029,1,5107,0.00019580967299784609,1.5e-05,3590.034241,4.178233129002627e-09,Redge Technologies sp. z o.o.
201080,1,5107,0.00019580967299784609,1.0,3590.034241,0.0002785488752668418,SOCIETE COOPERATIVE D'AMENAGEMENT NUMERIQUE ICAUNAISE
201178,2,5107,0.00039161934599569217,3.1e-05,3590.034241,8.635015133272095e-09,Euronet Telekomunikasyon A.S.
201217,6,5107,0.0011748580379870766,0.00032,3590.034241,8.913564008538938e-08,RADISHCLOUD TECHNOLOGY LLC
201364,5,5107,0.0009790483649892304,5.0,3590.034241,0.001392744376334209,TEKNOBOSS TEKNOLOJI VE DANISMANLIK HIZMETLERI LIMITED SIRKETI
201572,2,5107,0.00039161934599569217,3.1e-05,3590.034241,8.635015133272095e-09,ECO-INITIATIVE LLC
201633,1,5107,0.00019580967299784609,1.5e-05,3590.034241,4.178233129002627e-09,Perfect Sense AB
201836,1,5107,0.00019580967299784609,1.5e-05,3590.034241,4.178233129002627e-09,Garant-Plus-Inform LLC
201924,1,5107,0.00019580967299784609,1.5e-05,3590.034241,4.178233129002627e-09,ENAHOST s.r.o.
201949,1,5107,0.00019580967299784609,1.5e-05,3590.034241,4.178233129002627e-09,Seed Technologies LTD.
201958,1,5107,0.00019580967299784609,1.5e-05,3590.034241,4.178233129002627e-09,ADP GSI FRANCE SAS
201984,1,5107,0.00019580967299784609,16.0,3590.034241,0.004456782004269469,E-Solutions BV
202053,1,5107,0.00019580967299784609,16.0,3590.034241,0.004456782004269469,UpCloud Ltd
202235,1,5107,0.00019580967299784609,1.0,3590.034241,0.0002785488752668418,UK On-line Agri-sales Limited
202421,1,5107,0.00019580967299784609,16.0,3590.034241,0.004456782004269469,Wimaz S. L.
202503,18,5107,0.0035245741139612297,1.066406,3590.034241,0.0002970461918778117,"DESIS INFORMATICA, SL"
202505,8,26105,0.00030645470216433634,0.0,82.328679,0.0,NETBUDUR TELEKOMUNIKASYON LIMITED SIRKETI
202528,1,5107,0.00019580967299784609,0.003906,3590.034241,1.0880119067922841e-06,Lilith Network INC.
202662,1,5107,0.00019580967299784609,1.5e-05,3590.034241,4.178233129002627e-09,Hytron Network Services Limited
202685,6,5107,0.0011748580379870766,0.140625,3590.034241,3.9170935584399625e-05,Aggros Operations Ltd.
202888,2,31212,6.407791874919902e-05,3e-05,3672.36292,8.169127249547547e-09,UPSTREAM NETWORK LTD
202911,1,5107,0.00019580967299784609,0.003906,3590.034241,1.0880119067922841e-06,PaoPaoYu Network LTD.
202990,1,5107,0.00019580967299784609,0.003906,3590.034241,1.0880119067922841e-06,Web42 Solutions Ltd
203283,1,5107,0.00019580967299784609,1.5e-05,3590.034241,4.178233129002627e-09,HighEndNetwork LLC
203299,1,5107,0.00019580967299784609,1.0,3590.034241,0.0002785488752668418,Ivo Hazmuk
203314,1,5107,0.00019580967299784609,0.000244,3590.034241,6.79659255651094e-08,HATS NETWORK INC.
203339,1,5107,0.00019580967299784609,1.5e-05,3590.034241,4.178233129002627e-09,SIA Network Operations Center
203361,1,5107,0.00019580967299784609,16.0,3590.034241,0.004456782004269469,MASSELIN COMMUNICATION SAS
203498,4,5107,0.0007832386919913843,4.0,3590.034241,0.0011141955010673672,JSC Intellin
203500,1,5107,0.00019580967299784609,1.5e-05,3590.034241,4.178233129002627e-09,ABEILLE SARL
203557,1,5107,0.00019580967299784609,1.5e-05,3590.034241,4.178233129002627e-09,DataClub S.A.
203635,1,5107,0.00019580967299784609,1.5e-05,3590.034241,4.178233129002627e-09,Material Global Limited
203819,1,5107,0.00019580967299784609,1.5e-05,3590.034241,4.178233129002627e-09,Emily Kohlmeier
203843,4,5107,0.0007832386919913843,6.1e-05,3590.034241,1.699148139127735e-08,"WANG,XING-KAI"
204094,1,5107,0.00019580967299784609,1.5e-05,3590.034241,4.178233129002627e-09,"I4W - Web Solutions, Lda"
204318,2,5107,0.00039161934599569217,3.1e-05,3590.034241,8.635015133272095e-09,Benjamin Cartwright-Cox
204319,1,5107,0.00019580967299784609,16.0,3590.034241,0.004456782004269469,Trigion Alarmcentrale BV
204394,1,5107,0.00019580967299784609,16.0,3590.034241,0.004456782004269469,"Cortex, a.s."
204490,6,31212,0.00019223375624759708,4.0,3672.36292,0.0010892169666063397,Kontel LLC
204591,1,5107,0.00019580967299784609,16.0,3590.034241,0.004456782004269469,AMALYZE AG
204594,1,5107,0.00019580967299784609,16.0,3590.034241,0.004456782004269469,Galliker Transport AG
204623,1,5107,0.00019580967299784609,16.0,3590.034241,0.004456782004269469,OOO New Line
204679,1,26105,3.830683777054204e-05,0.0,82.328679,0.0,NAUKOWA I AKADEMICKA SIEC KOMPUTEROWA - PANSTWOWY INSTYTUT BADAWCZY
204720,2,5107,0.00039161934599569217,3.1e-05,3590.034241,8.635015133272095e-09,GLOBAL CLOUD NETWORK LLC
204736,1,5107,0.00019580967299784609,1.5e-05,3590.034241,4.178233129002627e-09,Nida Telekomunikasyon Hizmetleri A.S.
204755,5,5107,0.0009790483649892304,7.6e-05,3590.034241,2.1169714520279977e-08,MAV Studios UK LTD
204790,8,5107,0.0015664773839827687,128.0,3590.034241,0.03565425603415575,Falco ISP Services B.V.
204880,1,5107,0.00019580967299784609,1.0,3590.034241,0.0002785488752668418,"Stowarzyszenie ""Warszawski Hackerspace"""
204915,1,5107,0.00019580967299784609,1.5e-05,3590.034241,4.178233129002627e-09,Hostinger International Limited
204916,106,31212,0.0033961296937075483,100.3125,3672.36292,0.027315519240674612,"RACKTECH CO., LTD."
204920,1,5107,0.00019580967299784609,1.5e-05,3590.034241,4.178233129002627e-09,Vestas Wind Systems A/S
205068,1,5107,0.00019580967299784609,16.0,3590.034241,0.004456782004269469,ADVCOM SARL
205100,1,26105,3.830683777054204e-05,1.5e-05,82.328679,1.821965344542939e-07,F3 Netze e.V.
205125,4,26105,0.00015322735108216817,0.0,82.328679,0.0,Network Management Ltd
205157,5,5107,0.0009790483649892304,7.6e-05,3590.034241,2.1169714520279977e-08,Daniel Cid
205212,10,31212,0.0003203895937459951,0.00061,3672.36292,1.661055874074668e-07,LoudTronix Inc.
205227,1,5107,0.00019580967299784609,16.0,3590.034241,0.004456782004269469,"IT business solutions, MB"
205232,1,5107,0.00019580967299784609,0.003906,3590.034241,1.0880119067922841e-06,Felix Alcantara
205398,4,5107,0.0007832386919913843,6.1e-05,3590.034241,1.699148139127735e-08,Tyler Obrien
205432,5,5107,0.0009790483649892304,3.125,3590.034241,0.0008704652352088806,William Weber
205544,8,31212,0.0002563116749967961,4.000046,3672.36292,0.0010892294926014557,LEASEWEB UK LIMITED
205726,4,5107,0.0007832386919913843,6.1e-05,3590.034241,1.699148139127735e-08,Daan Jurriaan van Gorkum trading as Vusam V.O.F
205766,1,26105,3.830683777054204e-05,0.0,82.328679,0.0,Jonas Pasche
205876,1,5107,0.00019580967299784609,1.5e-05,3590.034241,4.178233129002627e-09,Hoasted B.V.
205987,1,5107,0.00019580967299784609,0.003906,3590.034241,1.0880119067922841e-06,Adrian Paschkowski
205989,1,5107,0.00019580967299784609,1.5e-05,3590.034241,4.178233129002627e-09,relaxt Webdienstleistungsagentur GmbH
206028,1,5107,0.00019580967299784609,16.0,3590.034241,0.004456782004269469,Datenreisen UG
206075,1,5107,0.00019580967299784609,1.0,3590.034241,0.0002785488752668418,Maximilian Jacobsen
206150,1,5107,0.00019580967299784609,1.0,3590.034241,0.0002785488752668418,IPXO LIMITED
206430,1,5107,0.00019580967299784609,16.0,3590.034241,0.004456782004269469,INFOTEC TECNOLOGIA INTEGRAL Y TELECOMUNICACIONES SL
206499,2,5107,0.00039161934599569217,1.000015,3590.034241,0.0002785530534999708,Marek Ziolkowski
206566,1,5107,0.00019580967299784609,1.0,3590.034241,0.0002785488752668418,"Webglobe, s.r.o."
206616,1,5107,0.00019580967299784609,16.0,3590.034241,0.004456782004269469,wwcom AG
206843,2,5107,0.00039161934599569217,3.1e-05,3590.034241,8.635015133272095e-09,Jikai Ren
206854,1,5107,0.00019580967299784609,16.0,3590.034241,0.004456782004269469,"Lesun communication furtherance engineers Co, (Ltd.)"
206873,3,5107,0.0005874290189935383,3.0,3590.034241,0.0008356466258005253,GalaxyStar LLC
206981,1,5107,0.00019580967299784609,0.000244,3590.034241,6.79659255651094e-08,Christopher Mountford
207021,4,5107,0.0007832386919913843,6.1e-05,3590.034241,1.699148139127735e-08,ipcom GmbH
207083,1,5107,0.00019580967299784609,16.0,3590.034241,0.004456782004269469,HostSlim B.V.
207092,1,5107,0.00019580967299784609,16.0,3590.034241,0.004456782004269469,VIVARO GROUP LLC
207242,1,5107,0.00019580967299784609,1.0,3590.034241,0.0002785488752668418,"NOEL, s.r.o."
207252,1,5107,0.00019580967299784609,0.0625,3590.034241,1.7409304704177612e-05,Felix Gassan
207289,1,5107,0.00019580967299784609,16.0,3590.034241,0.004456782004269469,Westfalen Weser Netz GmbH
207375,13,26105,0.0004979888910170466,0.0,82.328679,0.0,Fiber Operator B.V.
207481,1,5107,0.00019580967299784609,16.0,3590.034241,0.004456782004269469,Wurth IT GmbH
207487,1,5107,0.00019580967299784609,1.5e-05,3590.034241,4.178233129002627e-09,Gustav Caplan
207729,1,5107,0.00019580967299784609,1.0,3590.034241,0.0002785488752668418,Oitis Com Oy
207990,4,5107,0.0007832386919913843,4.0,3590.034241,0.0011141955010673672,HostRoyale Technologies Pvt Ltd
207995,1,5107,0.00019580967299784609,16.0,3590.034241,0.004456782004269469,Lightning Fibre Ltd
207996,2,26105,7.661367554108408e-05,0.0,82.328679,0.0,ungleich glarus ag
208016,1,5107,0.00019580967299784609,16.0,3590.034241,0.004456782004269469,The Infrastructure Company GmbH
208046,4,5107,0.0007832386919913843,0.00029,3590.034241,8.077917382738412e-08,ColocationX Ltd.
208058,42,26105,0.0016088871863627657,0.0,82.328679,0.0,InnoGames GmbH
208078,1,5107,0.00019580967299784609,0.003906,3590.034241,1.0880119067922841e-06,Dominic Ritchey
208091,1,5107,0.00019580967299784609,16.0,3590.034241,0.004456782004269469,XHOST INTERNET SOLUTIONS LP
208124,1,5107,0.00019580967299784609,16.0,3590.034241,0.004456782004269469,Negin Narmafzar Asak Research and Information Cooperative Company
208223,2,5107,0.00039161934599569217,0.000259,3590.034241,7.214415869411203e-08,SHU-HAO TUNG
208262,1,5107,0.00019580967299784609,16.0,3590.034241,0.004456782004269469,Stefan Wahl trading as open 7 e.Kfm
208354,1,5107,0.00019580967299784609,16.0,3590.034241,0.004456782004269469,Alfa.Bit.Omega S.R.L.
208492,4,26105,0.00015322735108216817,0.0,82.328679,0.0,S.J.M. Steffann
208626,3,5107,0.0005874290189935383,3.0,3590.034241,0.0008356466258005253,ServTech LTD
208685,3,5107,0.0005874290189935383,4.6e-05,3590.034241,1.2813248262274723e-08,Serverius Holding B.V.
208699,2,5107,0.00039161934599569217,0.000259,3590.034241,7.214415869411203e-08,Leo Shum
208753,3,5107,0.0005874290189935383,4.6e-05,3590.034241,1.2813248262274723e-08,Marco d'Angelo
208779,1,5107,0.00019580967299784609,1.5e-05,3590.034241,4.178233129002627e-09,Davide Beatrici
208906,1,5107,0.00019580967299784609,16.0,3590.034241,0.004456782004269469,"SYNOT ICT Services, a.s."
208972,7,5107,0.0013706677109849227,0.000107,3590.034241,2.980472965355207e-08,GIBIRNET ILETISIM HIZMETLERI SANAYI VE TICARET LIMITED SIRKETI
208985,1,5107,0.00019580967299784609,1.0,3590.034241,0.0002785488752668418,Niklas Polte
209041,1,5107,0.00019580967299784609,1.0,3590.034241,0.0002785488752668418,CoreIT AB
209045,1,5107,0.00019580967299784609,1.0,3590.034241,0.0002785488752668418,Genesis Cloud Limited
209097,5,5107,0.0009790483649892304,5.0,3590.034241,0.001392744376334209,NETSYST SAS
209114,1,26105,3.830683777054204e-05,0.0,82.328679,0.0,Luiz Fernando Ribeiro Amaral
209146,1,5107,0.00019580967299784609,1.0,3590.034241,0.0002785488752668418,hosTELyon SAS
209181,1,5107,0.00019580967299784609,1.5e-05,3590.034241,4.178233129002627e-09,Zenex 5ive Limited
209242,16,5107,0.0031329547679655374,3.000198,3590.034241,0.0008357017784778282,"Cloudflare London, LLC"
209306,2,5107,0.00039161934599569217,0.000259,3590.034241,7.214415869411203e-08,Jin Shaohai
209368,9,5107,0.0017622870569806149,24.0,3590.034241,0.006685173006404203,Noinet Societa Cooperativa
209453,3,26105,0.00011492051331162612,0.0,82.328679,0.0,GANDI SAS
209561,1,5107,0.00019580967299784609,1.5e-05,3590.034241,4.178233129002627e-09,D&V Global B.V.
209622,4,26105,0.00015322735108216817,0.0,82.328679,0.0,uPress Inc
209626,2,5107,0.00039161934599569217,3.1e-05,3590.034241,8.635015133272095e-09,Enflow B.V.
209641,51,31212,0.0016339869281045752,49.0,3672.36292,0.01334290784092766,I-SERVERS LTD
209650,1,5107,0.00019580967299784609,1.0,3590.034241,0.0002785488752668418,Wu Zhiyuan
209968,13,5107,0.0025455257489719993,13.0,3590.034241,0.0036211353784689434,Kew Solutions Unipessoal Lda
210015,1,5107,0.00019580967299784609,1.5e-05,3590.034241,4.178233129002627e-09,Interface Services LLC
210025,4,5107,0.0007832386919913843,6.1e-05,3590.034241,1.699148139127735e-08,ALICE CAT RESEARCH LTD
210079,4,26105,0.00015322735108216817,0.0,82.328679,0.0,EuroByte LLC
210083,1,26105,3.830683777054204e-05,0.0,82.328679,0.0,Privex Inc.
210107,24,5107,0.004699432151948306,24.0,3590.034241,0.006685173006404203,PLUSWEB SUNUCU INTERNET HIZMETLERI TICARET LIMITED SIRKETI
210144,1,5107,0.00019580967299784609,16.0,3590.034241,0.004456782004269469,ZADEA SRL
210152,2,5107,0.00039161934599569217,0.00415,3590.034241,1.1559778323573934e-06,Jon Arve Vanvik
210167,1,5107,0.00019580967299784609,16.0,3590.034241,0.004456782004269469,Valmet Automation Oy
210231,1,5107,0.00019580967299784609,1.0,3590.034241,0.0002785488752668418,Sysdex AG
210232,1,5107,0.00019580967299784609,16.0,3590.034241,0.004456782004269469,PACTOO SAS
210462,1,5107,0.00019580967299784609,0.0625,3590.034241,1.7409304704177612e-05,Mining Link Limited
210512,1,5107,0.00019580967299784609,1.0,3590.034241,0.0002785488752668418,Internet Technologies LLC
210612,1,5107,0.00019580967299784609,16.0,3590.034241,0.004456782004269469,Asteo Red Neutra SL
210644,4,31212,0.00012815583749839805,3.000015,3672.36292,0.0008169168095183795,AEZA INTERNATIONAL LTD
210646,1,5107,0.00019580967299784609,16.0,3590.034241,0.004456782004269469,ATLANTIS SAT LTD
210695,7,5107,0.0013706677109849227,7.0,3590.034241,0.0019498421268678925,Dmitrii Vladimirovich Malkov
210842,125,5107,0.024476209124730763,0.601807,3590.034241,0.00016763266297771225,Rohmad Kumiadin
210852,2,5107,0.00039161934599569217,2.0,3590.034241,0.0005570977505336836,Dmitrii Vladimirovich Malkov
210895,2,5107,0.00039161934599569217,3.1e-05,3590.034241,8.635015133272095e-09,Podaon SIA
210916,6,5107,0.0011748580379870766,0.375,3590.034241,0.00010445582822506567,Freifunk im Ennepe-Ruhr-Kreis e.V.
210937,1,5107,0.00019580967299784609,1.5e-05,3590.034241,4.178233129002627e-09,Xiufeng Guo
211027,3,5107,0.0005874290189935383,1.125,3590.034241,0.000313367484675197,Perfect Cloud Technologies LLC
211051,1,5107,0.00019580967299784609,1.5e-05,3590.034241,4.178233129002627e-09,Dazhong Technology Network Studio of Tieling County
211083,7,5107,0.0013706677109849227,2.000076,3590.034241,0.0005571189202482038,ServerGurus UG
211175,1,5107,0.00019580967299784609,16.0,3590.034241,0.004456782004269469,Caudata Ltd
211309,1,26105,3.830683777054204e-05,0.0,82.328679,0.0,OBOS OPENNET AS
211358,6,5107,0.0011748580379870766,0.062805,3590.034241,1.7494262111133998e-05,Patrizio Palumbo
211381,1,5107,0.00019580967299784609,1.5e-05,3590.034241,4.178233129002627e-09,Podaon SIA
211400,1,5107,0.00019580967299784609,1.5e-05,3590.034241,4.178233129002627e-09,JSC MONOPOLY
211480,1,5107,0.00019580967299784609,0.003906,3590.034241,1.0880119067922841e-06,Sami Yessou
211547,1,5107,0.00019580967299784609,1.5e-05,3590.034241,4.178233129002627e-09,Cedgetec GmbH
211664,2,5107,0.00039161934599569217,3.1e-05,3590.034241,8.635015133272095e-09,Q-MEX Networks GmbH
211752,1,5107,0.00019580967299784609,1.0,3590.034241,0.0002785488752668418,Vattenfall Eurofiber GmbH
211759,1,5107,0.00019580967299784609,1.5e-05,3590.034241,4.178233129002627e-09,Miku Network Technology Limited
211786,1,26105,3.830683777054204e-05,0.0,82.328679,0.0,KaasHosting B.V.
211918,1,5107,0.00019580967299784609,16.0,3590.034241,0.004456782004269469,INFRONT ITALY S.P.A.
212085,6,5107,0.0011748580379870766,0.00032,3590.034241,8.913564008538938e-08,Alexander Bruegmann
212144,1,5107,0.00019580967299784609,16.0,3590.034241,0.004456782004269469,"trafficforce, UAB"
212149,11,5107,0.002153906402976307,0.000168,3590.034241,4.679621104482942e-08,Hammy Web Services LLC
212238,10,31212,0.0003203895937459951,16.000137000000002,3672.36292,0.004356905172106466,Datacamp Limited
212477,3,5107,0.0005874290189935383,3.0,3590.034241,0.0008356466258005253,RoyaleHosting BV
212521,3,5107,0.0005874290189935383,2.000015,3590.034241,0.0005571019287668125,Malkov D.V.
212786,1,5107,0.00019580967299784609,16.0,3590.034241,0.004456782004269469,DIGITAL NETWORK S.R.L.
213164,1,5107,0.00019580967299784609,1.5e-05,3590.034241,4.178233129002627e-09,Yusuke Ichiki
213192,1,26105,3.830683777054204e-05,0.0,82.328679,0.0,NetBase BV
213204,2,5107,0.00039161934599569217,3.1e-05,3590.034241,8.635015133272095e-09,Marvin Gaube
213220,32,31212,0.0010252466999871844,19.500061000000002,3672.36292,0.005309949322764647,Delta Ltd
213222,1,5107,0.00019580967299784609,16.0,3590.034241,0.004456782004269469,Tida Data Processing Ltd
213268,1,5107,0.00019580967299784609,1.5e-05,3590.034241,4.178233129002627e-09,Bryan Barbolina trading as Cloudwebservices
216111,1,5107,0.00019580967299784609,1.5e-05,3590.034241,4.178233129002627e-09,None
216157,1,5107,0.00019580967299784609,0.003906,3590.034241,1.0880119067922841e-06,None
216271,1,26105,3.830683777054204e-05,0.0,82.328679,0.0,NETLABS LLC
216398,1,5107,0.00019580967299784609,0.003906,3590.034241,1.0880119067922841e-06,Yiff Ltd
216435,3,31212,9.611687812379854e-05,4.6e-05,3672.36292,1.2525995115972906e-08,Plim Mobile Telecom LLC
216452,1,5107,0.00019580967299784609,1.5e-05,3590.034241,4.178233129002627e-09,Edvin Basil Samuval
262287,36,26105,0.0013790461597395136,3.4e-05,82.328679,4.129788114297328e-07,Latitude.sh LTDA
262459,3,26105,0.00011492051331162612,0.0,82.328679,0.0,Osirnet Info Telecom Ltda.
263110,1,5107,0.00019580967299784609,0.000244,3590.034241,6.79659255651094e-08,Louvetel Comunicao Comercial Ltda ME
264642,1,26105,3.830683777054204e-05,0.0,82.328679,0.0,TELESISTEMA S.R.L.
266732,1,5107,0.00019580967299784609,1.0,3590.034241,0.0002785488752668418,FIBERTEL PERU S.A.
266768,3,26105,0.00011492051331162612,0.0,82.328679,0.0,ALKON SAS
268972,1,26105,3.830683777054204e-05,1.5e-05,82.328679,1.821965344542939e-07,ERBCOM TELECOMUNICACOES EIRELI - ME
270410,13,5107,0.0025455257489719993,0.006836,3590.034241,1.9041601113241304e-06,Infosimples Ltda.
271991,1,5107,0.00019580967299784609,1.0,3590.034241,0.0002785488752668418,RODRIGUEZ PEDRO ALBERTO JUAN
394923,1,5107,0.00019580967299784609,1.5e-05,3590.034241,4.178233129002627e-09,Artfiles LLC
395747,5,26105,0.0001915341888527102,0.0,82.328679,0.0,"Cloudflare, Inc."
395839,168,26105,0.006435548745451063,9.672119,82.328679,0.1174817708419687,HOSTKEY
396113,1,5107,0.00019580967299784609,1.0,3590.034241,0.0002785488752668418,BAI Communications Inc.
396319,1,5107,0.00019580967299784609,16.0,3590.034241,0.004456782004269469,Oxylabs
396356,42,31212,0.0013456362937331796,32.000044,3672.36292,0.00871374771423735,Latitude.sh
396362,1,5107,0.00019580967299784609,1.0,3590.034241,0.0002785488752668418,"Leaseweb USA, Inc."
396982,4,26105,0.00015322735108216817,0.003937,82.328679,4.7820517076437006e-05,Google LLC
397031,29,26105,0.0011108982953457192,0.000443,82.328679,5.380870984216813e-06,"GALAXYGATE, LLC"
397165,62,5107,0.012140199725866458,992.0,3590.034241,0.27632048426470707,EpicUp Holdings Inc
397224,5,26105,0.0001915341888527102,0.0,82.328679,0.0,Neustar Security Services
397226,4,26105,0.00015322735108216817,0.0,82.328679,0.0,Neustar Security Services
397232,15,26105,0.0005746025665581306,0.0,82.328679,0.0,Neustar Security Services
397373,4,26105,0.00015322735108216817,4e-06,82.328679,4.8585742521145034e-08,H4Y Technologies LLC
397423,1,26105,3.830683777054204e-05,0.0,82.328679,0.0,Tier.Net Technologies LLC
398565,1,26105,3.830683777054204e-05,0.0,82.328679,0.0,Peter Jin Technologies LLC
398668,1,5107,0.00019580967299784609,0.000244,3590.034241,6.79659255651094e-08,Skydance Productions LLC
399358,1,5107,0.00019580967299784609,1.5e-05,3590.034241,4.178233129002627e-09,"Anthropic, PBC"
399558,1,5107,0.00019580967299784609,0.0625,3590.034241,1.7409304704177612e-05,Differ Communications Limited
400519,41,5107,0.00802819659291169,0.004517,3590.034241,1.2582052695803243e-06,Developed Methods LLC
400797,1,5107,0.00019580967299784609,1.5e-05,3590.034241,4.178233129002627e-09,Ping Identity Corporation
400842,7,5107,0.0013706677109849227,22.0,3590.034241,0.006128075255870519,Tunbroker LLC
